author,title,description,url,urlToImage,publishedAt,content,source.id,source.name
"By NAJIB JOBAIN, JACK JEFFERY and JULIA FRANKEL Associated Press",Israeli airstrikes on Gaza resume after weeklong truce with Hamas ends,"Israel’s war with Hamas resumed in full force Friday. Airstrikes hit houses and buildings in the Gaza Strip minutes after a weeklong truce ended. Black smoke billowed from the besieged territory, where health authorities reported dozens of Palestinians killed…",https://apnews.com/article/israel-hamas-war-news-12-1-2023-c944c736efdf8993c7a17cf683d6e364,https://bloximages.chicago2.vip.townnews.com/thesunchronicle.com/content/tncms/assets/v3/editorial/6/52/6521604a-b78f-5694-a09e-c71be7fa43bb/656a50ab3ebb2.image.jpg?crop=1763%2C926%2C0%2C124&resize=1200%2C630&order=crop%2Cresize,2023-12-01T21:53:00Z,"KHAN YOUNIS, Gaza Strip (AP) Israels war with Hamas erupted again Friday, as airstrikes hit houses and buildings in the Gaza Strip minutes after a weeklong truce expired. Health authorities in the be… [+8505 chars]",associated-press,Associated Press
AP,That Was Fast – Jezebel Website Is Sold And Will Reopen,"The irreverent feminist website Jezebel is making a comeback less than a month after it was shut down. Paste Magazine, a digital pop culture publication, announced Wednesday that it was buying Jezebel.com from G/O Media, which closed Jezebel and laid off its …",https://apnews.com/article/jezebel-paste-magazine-feminist-publishing-72c5a8f168a5444b0904c41cf8d8abd0,https://dims.apnews.com/dims4/default/ab20e1c/2147483647/strip/true/crop/3552x1998+0+200/resize/1440x810!/quality/90/?url=https%3A%2F%2Fassets.apnews.com%2F9e%2Ff2%2F169ec4383a32e44e19bf3f7a7cea%2Fdc25a61cdb084a159997704de80c4905,2023-12-01T21:01:00Z,"NEW YORK (AP) The irreverent feminist website Jezebel is making a comeback less than a month after it was shut down.
Paste Magazine, a digital pop culture publication based in Atlanta, announced Wed… [+2615 chars]",associated-press,Associated Press
Mike Stobbe,"Flu is on the rise while RSV infections may be peaking, US health officials say",U.S. health officials say flu is picking up steam while RSV lung infections may be peaking. The Centers for Disease Control and Prevention said Friday that COVID-19 remains the main cause of hospitalizations and deaths in the country. The agency said a surge …,https://apnews.com/article/flu-season-covid-e89147cb8da5580dd470f75ab6526e45,https://dims.apnews.com/dims4/default/03bd070/2147483647/strip/true/crop/3212x1807+0+167/resize/1440x810!/quality/90/?url=https%3A%2F%2Fassets.apnews.com%2F5f%2Fb5%2Fb68bddc1e4a046498a5fcdff8140%2Fdad518c7884943659f2cae0efa037999,2023-12-01T19:29:49Z,"NEW YORK (AP) Flu is picking up steam while RSV lung infections that can hit kids and older people hard may be peaking, U.S. health officials said Friday.
COVID-19, though, continues to cause the mo… [+1866 chars]",associated-press,Associated Press
KEVIN FREKING,SASHAY AWAY!,"Rep. George Santos of New York will confront a third effort to expel him from the House on Friday, sensing the vote is likely to be his last and intent on not going away quietly. The first-term Republican could well become just the sixth member of the House t…",https://apnews.com/article/george-santos-expulsion-vote-ethics-investigation-fd0f1524065883c6b2fe3e6f9afd84db,https://dims.apnews.com/dims4/default/f233fc6/2147483647/strip/true/crop/4193x2359+0+218/resize/1440x810!/quality/90/?url=https%3A%2F%2Fassets.apnews.com%2F60%2F66%2Fa769a0ee8be13c0a33ad1d78d03d%2F9c384125a2c946a2b4c79d57d64cd028,2023-12-01T16:37:37Z,"WASHINGTON (AP) Rep. George Santos of New York is facing a critical vote to expel him from the House on Friday as lawmakers weigh whether his actions, fabrications and alleged lawbreaking warrant the… [+5122 chars]",associated-press,Associated Press
AP,Can The Oscars Telecast Solve Its Dwindling Viewership Problem By Starting Earlier? We’ll Find Out.,"Academy Awards enthusiasts won’t have to stay up quite as late to hear the best picture winner in March. The 96th Oscars will begin one hour early, with the official show starting at 7 p.m. Eastern for the first time, ABC said Thursday. The official pre-show …",https://apnews.com/article/oscars-broadcast-2024-e9513b3a6132b3cd0462f47570297734,https://dims.apnews.com/dims4/default/2c6aa3f/2147483647/strip/true/crop/3000x1688+0+106/resize/1440x810!/quality/90/?url=https%3A%2F%2Fassets.apnews.com%2F73%2F2f%2F900ed666d23bf80321a9f4edd561%2Fc9d7c38be67e4fdd8ef819f8e71cfba3,2023-12-01T15:31:26Z,"Academy Awards enthusiasts wont have to stay up quite as late to hear the best picture winner in March.
The 96th Oscars will begin one hour early, with the official show starting at 7 p.m. Eastern f… [+894 chars]",associated-press,Associated Press
AP,Federal Judge Blocks Montana’s TikTok Ban,A federal judge has blocked Montana's first-in-the-nation law banning the video-sharing app TikTok in the state while a legal challenge to the law moves through the courts. U.S. District Judge Donald Molloy says the ban “oversteps state power and infringes on…,https://apnews.com/article/montana-tiktok-ban-25c561396e85fee8926309daf4ad4b4f,https://dims.apnews.com/dims4/default/c3f49b7/2147483647/strip/true/crop/4947x2783+0+257/resize/1440x810!/quality/90/?url=https%3A%2F%2Fassets.apnews.com%2F1a%2F14%2F68e2234d566dcb1e74f306c856e5%2F527b3d0bda6f41b49d3e48695970e5e4,2023-12-01T14:06:00Z,"HELENA, Mont. (AP) Montanas first-in-the-nation law banning the video-sharing app TikTok in the state was blocked Thursday, one month before it was set to take effect, by a federal judge who called t… [+4757 chars]",associated-press,Associated Press
By JUAN A. LOZANO - Associated Press,Report: Belief death penalty is applied unfairly shows capital punishment's growing isolation in US,An annual report on capital punishment says more Americans now believe the death penalty is administered unfairly. The report says a Gallup poll from October that found 50% of Americans believe capital punishment is applied unfairly is another sign of…,https://apnews.com/article/death-penalty-decline-report-executions-capital-punishment-fa998133f3b8b0bbe2b80b21c08534f5,https://bloximages.newyork1.vip.townnews.com/richmond.com/content/tncms/assets/v3/editorial/f/d2/fd2bb0e3-9b50-5d3f-8822-28efcb9b4cf5/6569ced36eb40.image.jpg?crop=1763%2C926%2C0%2C124&resize=1200%2C630&order=crop%2Cresize,2023-12-01T12:44:03Z,"By JUAN A. LOZANO - Associated Press
HOUSTON (AP) More Americans now believe the death penalty, which is undergoing a yearslong decline of use and support, is being administered unfairly, a finding … [+5272 chars]",associated-press,Associated Press
By SETH BORENSTEIN and JAMEY KEATEN - Associated Press,"Top world leaders talk of climate crisis at UN summit. They say they must act on fossil fuels, war","International climate talks turned into a power game as dozens of world leaders including the Saudi crown prince and India’s prime minister were to speak, though two of the world’s most powerful men — President Joe Biden of the U.S.…",https://apnews.com/article/cop28-climate-summit-dubai-oil-fossil-fuel-global-warming-f72309c3d0a17c40817b7d2bbf55829b,https://bloximages.newyork1.vip.townnews.com/roanoke.com/content/tncms/assets/v3/editorial/a/da/adabfb9f-b13c-5fe5-a799-0aa740f58551/6569cb1c9be6c.image.jpg?crop=1763%2C926%2C0%2C124&resize=1200%2C630&order=crop%2Cresize,2023-12-01T11:45:56Z,"By SETH BORENSTEIN and JAMEY KEATEN - Associated Press
DUBAI, United Arab Emirates (AP) International climate talks turned to a power game on Friday as dozens of world leaders took turns bemoaning t… [+5518 chars]",associated-press,Associated Press
By JON GAMBRELL and MALAK HARB - Associated Press,The resumption of the Israel-Hamas war casts long shadow over Dubai's COP28 climate talks,"As world leaders gathered for the COP28 climate summit in Dubai, the collapse of a cease-fire in the Israel-Hamas war has plunged the conflict back into open combat and cast a long shadow over the talks. Israel’s top diplomat for…",https://apnews.com/article/cop28-climate-summit-israel-palestinians-hamas-war-b2ded089961f96d05bb2f171131e8cf6,https://bloximages.newyork1.vip.townnews.com/roanoke.com/content/tncms/assets/v3/editorial/7/9c/79c66784-c11e-50fd-8fff-a0895463f8b1/6569cb278e003.image.jpg?crop=1763%2C926%2C0%2C124&resize=1200%2C630&order=crop%2Cresize,2023-12-01T11:25:22Z,"By JON GAMBRELL and MALAK HARB - Associated Press
DUBAI, United Arab Emirates (AP) As world leaders gathered for the COP28 climate summit in Dubai, the collapse of a cease-fire in the Israel-Hamas w… [+5673 chars]",associated-press,Associated Press
WILL WEISSERT,NEWSOM MAKES NATIONAL DEBUT,"California Democratic Gov. Gavin Newsom and Florida Republican Gov. Ron DeSantis are squaring off in a nationally televised event that will feature two young, high-profile leaders with presidential aspirations who may have to wait for future cycles to realize…",https://apnews.com/article/desantis-newsom-debate-fox-news-hannity-2024-d7695de79221caf80a730532c614c01f,https://dims.apnews.com/dims4/default/9e5bb50/2147483647/strip/true/crop/1860x1046+0+168/resize/1440x810!/quality/90/?url=https%3A%2F%2Fassets.apnews.com%2Fcf%2Fd2%2Fb253355bc3c6c999dca570e3e078%2F4e0ecb0282dc41f7825386ddf54e9b99,2023-12-01T02:58:36Z,"WASHINGTON (AP) California Democratic Gov. Gavin Newsom and Florida Republican Gov. Ron DeSantis are meeting in a nationally televised event on Thursday night that will feature two young, high-profil… [+2549 chars]",associated-press,Associated Press
By MICHELLE L. PRICE - Associated Press,What if Donald Trump is convicted? The 2024 Republican convention rules don't address the issue,"The Republican National Committee’s rules for next year’s nominating contest and convention have been released, but a major question is unaddressed: Can delegates vote for a different candidate if the party’s presumptive nominee is convicted of a felony? Form…",https://apnews.com/article/trump-republican-delegates-2024-nomination-0bc16f9bf75ae9f42d85a8a5276aa03b,https://bloximages.newyork1.vip.townnews.com/roanoke.com/content/tncms/assets/v3/editorial/0/62/0623dd9b-d052-5a16-b431-a01de54eaef8/6569d90860ae8.image.jpg?crop=1763%2C926%2C0%2C124&resize=1200%2C630&order=crop%2Cresize,2023-12-01T00:02:32Z,"By MICHELLE L. PRICE - Associated Press
NEW YORK (AP) The Republican National Committee's rules for next year's nominating contest and convention were released this week without addressing a questio… [+5406 chars]",associated-press,Associated Press
ap news,AI WRITES LEGISLATION IN BRAZIL,City lawmakers in Brazil passed what appears to be the nation’s first legislation written entirely by artificial intelligence — even if they didn’t know it at the time. The experimental ordinance was passed in October in the southern city of Porto Alegre and …,https://apnews.com/article/brazil-artificial-intelligence-porto-alegre-5afd1240afe7b6ac202bb0bbc45e08d4,https://dims.apnews.com/dims4/default/715e850/2147483647/strip/true/crop/5760x3240+0+300/resize/1440x810!/quality/90/?url=https%3A%2F%2Fassets.apnews.com%2Fd8%2F96%2Fce55217de50d52a8929b1fdf75bb%2Fdd098ca653d34f9fbba5225784bae6aa,2023-12-01T00:00:03Z,Brazilian city enacts an ordinance that was secretly written by ChatGPTRIO DE JANEIRO (AP) — City lawmakers in Brazil have enacted what appears to be the nation’s first legislation written entirely b… [+5398 chars],associated-press,Associated Press
By JENNIFER PELTZ and MICHAEL R. SISAK - Associated Press,An appeals court reinstates gag order that barred Trump from maligning court staff in NY fraud trial,"A New York appeals court has reinstated a gag order that barred Donald Trump from commenting about court personnel after he disparaged a law clerk in his New York civil fraud trial. The trial judge, Arthur Engoron, imposed the gag…",https://apnews.com/article/trump-fraud-lawsuit-trial-gag-order-15304270ea3f61284a414f938155ae62,https://bloximages.newyork1.vip.townnews.com/roanoke.com/content/tncms/assets/v3/editorial/4/12/412389df-0f3e-5b1a-8f10-3936edeccdaa/654964e0bf716.image.jpg?crop=1763%2C926%2C0%2C125&resize=1200%2C630&order=crop%2Cresize,2023-11-30T21:49:32Z,"By JENNIFER PELTZ and MICHAEL R. SISAK - Associated Press
NEW YORK (AP) A New York appeals court Thursday reinstated a gag order that barred Donald Trump from commenting about court personnel after … [+4301 chars]",associated-press,Associated Press
KEVIN FREKING,Santos hangs by thread...,A defiant Rep. George Santos is refusing to resign and warning colleagues that his expulsion from Congress before being convicted in a court of law would establish a precedent that's “going to be the undoing of a lot of members.” The first-term Republican con…,https://apnews.com/article/george-santos-house-expulsion-vote-ethics-d24b4b727da4f6b9af26e5aa902db992,https://dims.apnews.com/dims4/default/a559193/2147483647/strip/true/crop/5000x2813+0+260/resize/1440x810!/quality/90/?url=https%3A%2F%2Fassets.apnews.com%2Ff8%2Fe3%2F7f9a2e0327f47eb343f6c192a9b6%2Fd2a2cea11be349fb85a34676006befbf,2023-11-30T17:01:37Z,WASHINGTON (AP) A defiant Rep. George Santos is refusing to resign and warned on Thursday that his expulsion from Congress before being convicted in a court of law would establish a precedent that is… [+5770 chars],associated-press,Associated Press
AP,"Actress Frances Sternhagen, 93","Frances Sternhagen, the veteran character actor who won two Tony Awards and became a familiar maternal face to TV viewers later in life in such shows as “Cheers,” “ER,” “Sex and the City” and “The Closer,” has died. She was 93. Sternhagen won a Tony for best …",https://apnews.com/article/frances-sternhagen-dies-e920000a85584256ac62f51196826eb0,https://dims.apnews.com/dims4/default/522f1da/2147483647/strip/true/crop/2074x1167+0+312/resize/1440x810!/quality/90/?url=https%3A%2F%2Fassets.apnews.com%2F82%2Fdb%2Fecab296f5f0e8c7044d1044483ff%2Fef2c66a11c604ba4b739cae97fb718a8,2023-11-30T14:06:00Z,"NEW YORK (AP) Frances Sternhagen, the veteran character actor who won two Tony Awards and became a familiar maternal face to TV viewers later in life in such shows as Cheers, ER, Sex and the City and… [+6585 chars]",associated-press,Associated Press
By JAMEY KEATEN and BASSAM HATOUM - Associated Press,"UN weather agency says 2023 is the hottest year on record, warns of further climate extremes ahead","The U.N. weather agency says 2023 is all but certain to be the hottest year on record, and warning of worrying trends that suggest increasing floods, wildfires, glacier melt, and heat waves in the future. The World Meteorological Organization also…",https://apnews.com/article/climate-changetemperature-increase-424df9320b443a311727f0733631974b,https://bloximages.newyork1.vip.townnews.com/roanoke.com/content/tncms/assets/v3/editorial/7/c9/7c93583f-45e4-5be7-a04d-3f74dee5a258/65687ad6306df.image.jpg?crop=1763%2C926%2C0%2C124&resize=1200%2C630&order=crop%2Cresize,2023-11-30T11:19:05Z,"By JAMEY KEATEN and BASSAM HATOUM - Associated Press
DUBAI, United Arab Emirates (AP) The U.N. weather agency said Thursday that 2023 is all but certain to be the hottest year on record, and warning… [+3325 chars]",associated-press,Associated Press
NANCY BENAC,A Jewish pioneer...,"Former Secretary of State Henry Kissinger has died, his consulting firm says. He was 100. Kissinger dominated foreign policy as the United States extricated itself from Vietnam and broke down barriers with China. He exerted uncommon influence on global affair…",https://apnews.com/article/henry-kissinger-obit-secretary-of-state-d7d289c3a0b911ed9b863c219cee77e8,https://dims.apnews.com/dims4/default/c08cc2e/2147483647/strip/true/crop/2232x1256+0+98/resize/1440x810!/quality/90/?url=https%3A%2F%2Fassets.apnews.com%2Fd2%2F04%2F18630c145d2068470fd55ad99eda%2F1fed62a9ed7b4d42a1842cd248b816c8,2023-11-30T03:31:37Z,"WASHINGTON (AP) Former Secretary of State Henry Kissinger, the diplomat with the thick glasses and gravelly voice who dominated foreign policy as the United States extricated itself from Vietnam and … [+8973 chars]",associated-press,Associated Press
"By WAFAA SHURAFA, JACK JEFFERY and MELANIE LIDMAN - Associated Press",Israel releases more Palestinian prisoners on sixth day of Gaza truce after Hamas frees 16 hostages,Israel released another group of Palestinian prisoners early Thursday in exchange for 16 hostages freed hours earlier by the Islamic militant group Hamas in Gaza. A bus carrying some of the Palestinian detainees was seen arriving in the West Bank…,https://apnews.com/article/israel-hamas-war-news-11-29-2023-57e73a26c647ecd97e77afe19c08e077,https://bloximages.chicago2.vip.townnews.com/thesunchronicle.com/content/tncms/assets/v3/editorial/3/56/35626395-3e55-58a5-800c-b4b520131348/65678d55ac83d.image.jpg?crop=1763%2C926%2C0%2C124&resize=1200%2C630&order=crop%2Cresize,2023-11-30T01:46:00Z,JERUSALEM (AP) Israel released another group of Palestinian prisoners early Thursday in exchange for 16 hostages freed hours earlier by the Islamic militant group Hamas in Gaza. The releases came on … [+8678 chars],associated-press,Associated Press
MARCIA DUNN,Astronomers Discover Star With 6 Planets That Orbit Perfectly in Sync...,"Astronomers have discovered six planets orbiting a bright, nearby star in perfect synchrony like a grand cosmic orchestra. The rare find can help explain how solar systems across the Milky Way galaxy came to be. Scientists made the announcement on Wednesday. …",https://apnews.com/article/six-planets-solar-system-nasa-esa-3d67e5a1ba7cbea101d756fc6e47f33d,https://dims.apnews.com/dims4/default/de24a9d/2147483647/strip/true/crop/2476x1393+4+0/resize/1440x810!/quality/90/?url=https%3A%2F%2Fassets.apnews.com%2F99%2F25%2F6e63fe74868f917588f36b843824%2F1033740c87964b28977a6750ac6e6b4d,2023-11-29T21:22:37Z,"CAPE CANAVERAL, Fla. (AP) Astronomers have discovered a rare in-sync solar system with six planets moving like a grand cosmic orchestra, untouched by outside forces since their birth billions of year… [+2847 chars]",associated-press,Associated Press
ap news,Pope punishes leading critic in second action against conservative American...,"Pope Francis has decided to take measures to punish Cardinal Raymond Burke, who is one of his highest-ranking critics. Two people briefed on the measures say Francis has decided to revoke Burke's right to a Vatican apartment and salary. Burke's secretary says…",https://apnews.com/article/vatican-cardinal-burke-conservatives-strickland-163f2d3522a80fa5f908421cc812cfc9,https://dims.apnews.com/dims4/default/2e6e9f0/2147483647/strip/true/crop/5472x3078+0+285/resize/1440x810!/quality/90/?url=https%3A%2F%2Fassets.apnews.com%2F78%2Fe5%2Fa82b6b70be4c02dee8d0ce4605dc%2F9cc6d953267d416ca71810a3896fdeed,2023-11-29T21:00:03Z,"Pope punishes leading critic Cardinal Burke in second action against conservative American prelatesVATICAN CITY (AP) — Pope Francis has decided to punish one of his highest-ranking critics, Cardinal … [+5814 chars]",associated-press,Associated Press
ap news,Biden targets Boebert in her district in fresh political attack on Republicans...,President Joe Biden will try to turn congresswoman Lauren Boebert of Colorado into the embodiment of Republican opposition to his agenda as he visits her district. The Democratic president plans to tout aspects of his domestic agenda that Boebert and her fell…,https://apnews.com/article/joe-biden-boebert-colorado-republicans-0edd0c6f25fe17edd92f8c80b0488f89,https://dims.apnews.com/dims4/default/c701fae/2147483647/strip/true/crop/3824x2151+0+199/resize/1440x810!/quality/90/?url=https%3A%2F%2Fassets.apnews.com%2Fdd%2F9b%2F93ec2be325ac9f7e1aa56c1eac40%2Fe315de9e4a2f44de9ec298bdb4f3500f,2023-11-29T14:00:03Z,Biden targets GOP Rep. Boebert in her district in a fresh political attack on RepublicansDENVER (AP) — President Joe Biden will try to turn Rep. Lauren Boebert of Colorado into the embodiment of Repu… [+4332 chars],associated-press,Associated Press
ap news,US military Osprey aircraft with 6 aboard crashes off southern Japan...,A crew member who was recovered from the ocean after a U.S. military Osprey aircraft carrying six people crashed Wednesday off southern Japan has been pronounced dead. Japanese coast guard officials say the cause of the crash and the status of the five others…,https://apnews.com/article/japan-us-military-osprey-helicopter-crash-7d704ec5925826593aebcf0e7d1312ca,https://dims.apnews.com/dims4/default/7aeb191/2147483647/strip/true/crop/5000x2813+0+168/resize/1440x810!/quality/90/?url=https%3A%2F%2Fassets.apnews.com%2F67%2F9a%2Fed61d082b3ee22110da60084b482%2F4d23fa912ad7441f8a6ac5debfe31883,2023-11-29T12:00:03Z,"US military Osprey aircraft with 6 aboard crashes off southern Japan, at least 1 deadTOKYO (AP) — A crew member who was recovered from the ocean after a U.S. military Osprey aircraft carrying six peo… [+3359 chars]",associated-press,Associated Press
By TIM REYNOLDS and SCHUYLER DIXON - AP Sports Writers,"Mark Cuban working on $3.5B sale of Dallas Mavericks to Sands casino family, AP source says",A person with knowledge of the talks says Dallas Mavericks owner Mark Cuban is working on a deal to sell a majority stake in the NBA franchise to the family that runs the Las Vegas Sands casino company. The agreement…,https://apnews.com/article/dallas-mavericks-mark-cuban-adelson-family-sale-28b58fc35f5c4159b5a4b61c749186b3,https://bloximages.newyork1.vip.townnews.com/roanoke.com/content/tncms/assets/v3/editorial/4/7f/47ff1157-9c21-5927-8173-12adcf2549f1/65672922bebaf.image.jpg?crop=1763%2C926%2C0%2C124&resize=1200%2C630&order=crop%2Cresize,2023-11-29T02:51:15Z,"By TIM REYNOLDS and SCHUYLER DIXON - AP Sports Writers
Dallas Mavericks owner Mark Cuban is working on a deal to sell a majority stake in the NBA franchise to the family that runs the Las Vegas Sand… [+4039 chars]",associated-press,Associated Press
Paul J. Weber,Texas women who could not get abortions despite health risks take challenge to state's Supreme Court,"The Texas Supreme Court is deciding whether the state's abortion ban is too restrictive for women with pregnancy complications. The all-Republican court on Tuesday scrutinized efforts to clarify exceptions to the ban, which a growing number of women say force…",https://apnews.com/article/abortion-texas-exceptions-lawsuit-82611bda29112775247d8e7adbc0a81b,https://dims.apnews.com/dims4/default/9ed965d/2147483647/strip/true/crop/1600x900+0+84/resize/1440x810!/quality/90/?url=https%3A%2F%2Fassets.apnews.com%2F7f%2Fa1%2F7d57d1ce91fce1f2a0f674417cd6%2F2e4121ecdb624c42aa052500dfd094ca,2023-11-28T20:42:07Z,"AUSTIN, Texas (AP) The Texas Supreme Court on Tuesday scrutinized efforts to clarify exceptions to the states abortion ban, which a growing number of women say forced them to continue pregnancies des… [+2787 chars]",associated-press,Associated Press
By LISA RATHKE and HOLLY RAMER Associated Press,3 young Palestinian men were shot in Vermont. Their families thought the US would be safer,"Far away from the war in Gaza, three college students were enjoying another visit to Vermont, celebrating Thanksgiving and a pair of family birthdays. But the place their Palestinian families thought would be safe was anything but. The 20-year-olds were…",https://apnews.com/article/shooting-burlington-vermont-palestinian-students-suspect-dd781a57f5d96cf591a1840db890b4ed,https://bloximages.chicago2.vip.townnews.com/thesunchronicle.com/content/tncms/assets/v3/editorial/5/dc/5dc75a44-cef5-5e4b-a31c-f59debbcf0d0/6566095ac00db.image.jpg?crop=1762%2C925%2C0%2C125&resize=1200%2C630&order=crop%2Cresize,2023-11-28T20:03:00Z,"BURLINGTON, Vt. (AP) Far away from the war in Gaza, three students were enjoying another visit to Vermont, celebrating Thanksgiving and a pair of family birthdays. But the place their Palestinian fam… [+6283 chars]",associated-press,Associated Press
AP,“Authentic” Is Merriam-Webster’s Word Of The Year 2023,Merriam-Webster's word of the year for 2023 is “authentic.” Editor at large Peter Sokolowski told The Associated Press ahead of Monday's announcement that lookups for the word rose to new heights on the company’s website throughout the year. There are many re…,https://apnews.com/article/merriam-webster-word-of-year-2023-a9fea610cb32ed913bc15533acab71cc,https://dims.apnews.com/dims4/default/d7f757b/2147483647/strip/true/crop/4172x2347+0+246/resize/1440x810!/quality/90/?url=https%3A%2F%2Fassets.apnews.com%2Fa5%2Fdd%2Ffa8743f1a63f487b855c2c15132d%2F45e28337293249bd9d8ea0829052f38b,2023-11-28T13:31:09Z,"NEW YORK (AP) In an age of deepfakes and post-truth, as artificial intelligence rose and Elon Musk turned Twitter into X, the Merriam-Webster word of the year for 2023 is authentic. 
Authentic cuisi… [+6129 chars]",associated-press,Associated Press
"ANITA SNOW, THOMAS MACHOWICZ",Tensions at Arizona farms as foreign firms exploit water...,Worries about future water supplies from ancient aquifers are bubbling up in western rural Arizona. Some neighbors complain that their backyard wells have dried up since an Emirati agribusiness began farming alfalfa nearby. One farmer worries that state offic…,https://apnews.com/article/climate-uae-alfalfa-water-arizona-drought-d911d5219c8f41dc44d65fb2af6b04df,https://dims.apnews.com/dims4/default/c0c07b5/2147483647/strip/true/crop/5173x2910+0+269/resize/1440x810!/quality/90/?url=https%3A%2F%2Fassets.apnews.com%2F37%2F39%2F05f6920d623fda973b947f7a5506%2F8735d652e5b84cba890206343d160861,2023-11-28T12:52:37Z,"WENDEN, Ariz. (AP) A blanket of bright green alfalfa spreads across western Arizonas McMullen Valley, ringed by rolling mountains and warmed by the hot desert sun. 
Matthew Hancocks family has used … [+9572 chars]",associated-press,Associated Press
AP,"France to ban smoking on beaches at it seeks to avoid 75,000 tobacco-related deaths per year","France's government plans to ban smoking on all beaches, in public parks, forests and some other public areas. The measures are part of a national anti-tobacco plan presented by the health minister on Tuesday. The minister says tobacco products cause…",https://apnews.com/article/france-smoking-ban-tobacco-health-8d64f3e1fe5110554a57c0aea0e17eca,https://bloximages.newyork1.vip.townnews.com/roanoke.com/content/tncms/assets/v3/editorial/8/c6/8c64f1a7-bd4e-54bd-9440-0b9648c0c548/6565d804cbd93.image.jpg?crop=1719%2C902%2C0%2C151&resize=1200%2C630&order=crop%2Cresize,2023-11-28T11:37:53Z,"PARIS (AP) France will ban smoking on all beaches, in public parks, forests and some other public areas as part of a national anti-tobacco plan presented by the health minister on Tuesday.
Tobacco p… [+929 chars]",associated-press,Associated Press
By TIA GOLDENBERG - Associated Press,Freed Israeli hostage describes deteriorating conditions while being held by Hamas,An Israeli hostage freed by Hamas has said in an interview that she was initially fed well in captivity until conditions worsened and captives became hungry. She was kept in a “suffocating” room and slept on plastic chairs with a…,https://apnews.com/article/hostage-gaza-freed-israel-captive-408f65fcc1b8f016f3735cd5022163eb,https://bloximages.newyork1.vip.townnews.com/roanoke.com/content/tncms/assets/v3/editorial/8/21/82179c7f-c012-5c17-aeef-fe1f211d2e6c/656242e280464.image.jpg?crop=1600%2C840%2C0%2C112&resize=1200%2C630&order=crop%2Cresize,2023-11-28T10:59:55Z,"By TIA GOLDENBERG - Associated Press
TEL AVIV, Israel (AP) An Israeli hostage freed by Hamas said in an interview that she was initially fed well in captivity until conditions worsened and people be… [+6077 chars]",associated-press,Associated Press
By JON GAMBRELL - Associated Press,"As Dubai prepares for COP28, some world leaders signal they won't attend climate talks",Dubai is preparing to host the COP28 climate talks as world leaders including U.S. President Joe Biden have signaled they will not be attending the negotiations. The talks come during the ongoing Israel-Hamas war roiling the wider Middle East. Workers…,https://apnews.com/article/cop28-climate-talks-syria-us-israel-preparations-e61c838fd200c258d6f238e5d9fbbdf1,https://bloximages.newyork1.vip.townnews.com/roanoke.com/content/tncms/assets/v3/editorial/9/b8/9b8ba7ae-8384-5eff-a988-f2c6878283dd/6565d6728ee83.image.jpg?crop=1763%2C926%2C0%2C124&resize=1200%2C630&order=crop%2Cresize,2023-11-28T10:55:03Z,"By JON GAMBRELL - Associated Press
DUBAI, United Arab Emirates (AP) Dubai prepared to host the COP28 climate talks Tuesday as world leaders including U.S. President Joe Biden signaled they would not… [+3417 chars]",associated-press,Associated Press
By TIA GOLDENBERG and SAMY MAGDY - Associated Press,"Israel and Hamas extend their truce, but it seems only a matter of time before the war resumes","A truce between Israel and Hamas has entered its fifth day, with the militant group promising to release more civilian hostages to delay the expected resumption of the war. Israel is meanwhile under growing pressure to spare Palestinian civilians when…",https://apnews.com/article/israel-hamas-war-news-11-28-2023-a909a0a0c9c76ce80d1ff3e94bbe2ec4,https://bloximages.newyork1.vip.townnews.com/roanoke.com/content/tncms/assets/v3/editorial/e/8b/e8b2f1dd-2b00-5b15-9f5c-6a3ac9441f9d/6564ed615ea38.image.jpg?crop=1763%2C926%2C0%2C124&resize=1200%2C630&order=crop%2Cresize,2023-11-28T10:15:05Z,"By TIA GOLDENBERG and SAMY MAGDY - Associated Press
TEL AVIV, Israel (AP) A truce between Israel and Hamas entered its fifth day on Tuesday, with the militant group promising to release more civilia… [+7118 chars]",associated-press,Associated Press
AP,"41 workers trapped in a collapsed tunnel in India for 17 days are on verge of rescue, official says","Officials in India said Tuesday they were on the verge of rescuing the 41 construction workers trapped in a collapsed mountain tunnel for over two weeks in the country’s north, after rescuers drilled their way through debris to reach them.…",https://apnews.com/article/india-uttarakhand-rescue-41-workers-trapped-tunnel-1067e281a4ceff40b03c498bd0070063,https://bloximages.newyork1.vip.townnews.com/roanoke.com/content/tncms/assets/v3/editorial/c/3d/c3d0ad35-f2b9-5321-a3d7-64e2f2aee1ac/6565d7603d463.image.jpg?crop=1763%2C926%2C0%2C124&resize=1200%2C630&order=crop%2Cresize,2023-11-28T09:54:24Z,"UTTARKASHI, India (AP) Officials in India said Tuesday they were on the verge of rescuing the 41 construction workers trapped in a collapsed mountain tunnel for over two weeks in the country's north,… [+3486 chars]",associated-press,Associated Press
ap news,The Don hints at expanded role for military within USA...,Experts in constitutional law and the military say the Insurrection Act gives presidents tremendous power with few restraints. Recent statements by former President Donald Trump raise questions about how he might use it if he wins another term. The front-runn…,https://apnews.com/article/trump-military-insurrection-act-2024-election-03858b6291e4721991b5a18c2dfb3c36,https://dims.apnews.com/dims4/default/8e68781/2147483647/strip/true/crop/4135x2326+0+215/resize/1440x810!/quality/90/?url=https%3A%2F%2Fassets.apnews.com%2Fac%2F4f%2F5d91d3ec3006901421160330138e%2Fe0c8bb32cc8c45a7975757bc0aa4a37c,2023-11-27T13:00:02Z,"Trump hints at expanded role for the military within the US. A legacy law gives him few guardrailsWASHINGTON (AP) — Campaigning in Iowa this year, Donald Trump said he was prevented during his presid… [+8598 chars]",associated-press,Associated Press
"JAMEY KEATEN, LAURIE KELLMAN","With antisemitism rising as Israel-Hamas war rages, Europe's Jews worry...","Antisemitism is spiking across Europe after Hamas' Oct. 7 massacre and Israel's bombardment of Gaza, worrying Jews from London to Geneva and Berlin. But Jewish people say in interviews that they don't need watchdog groups to tell them it's time for concern ab…",https://apnews.com/article/israel-hamas-antisemitism-europe-massacre-war-protests-1d26266dfd9b2b8dd4c795f420abab47,https://dims.apnews.com/dims4/default/0e7b6ce/2147483647/strip/true/crop/3548x1996+0+151/resize/1440x810!/quality/90/?url=https%3A%2F%2Fassets.apnews.com%2F21%2F07%2F975db0eeb8c5b753a8881d417584%2F10d842d1e5394652bbdbf0cf0de154ed,2023-11-26T20:01:37Z,"GENEVA (AP) As he sits in Geneva, Michel Dreifuss does not feel all that far away from the Hamas attack on Israel on Oct. 7 and Israels subsequent bombardment of Gaza. The ripples are rolling through… [+7105 chars]",associated-press,Associated Press
Tia Goldenberg,"Israeli forces kill at least 8 Palestinians in surging West Bank violence, health officials say","Health officials say Israeli forces operating in the occupied West Bank killed at least eight Palestinians, including at least one militant, in a 24-hour period. The surging violence in the West Bank comes as a fragile pause in fighting in the Gaza Strip betw…",https://apnews.com/article/west-bank-palestinians-israel-military-raid-3deed25c4c14a5e3048778cbc79523c5,https://dims.apnews.com/dims4/default/f0e97a0/2147483647/strip/true/crop/5616x3159+0+293/resize/1440x810!/quality/90/?url=https%3A%2F%2Fassets.apnews.com%2Fe3%2F72%2F77b362187fc6baf243d70668e00c%2Fd406ff4b26174d24a51c853e2273835f,2023-11-26T08:05:51Z,"JENIN REFUGEE CAMP, West Bank (AP) Israeli forces operating in the occupied West Bank killed at least eight Palestinians, including at least one militant, in a 24-hour period, Palestinian health offi… [+3330 chars]",associated-press,Associated Press
ap news,Santos expects to be kicked out of Congress as expulsion vote looms...,Rep. George Santos says he expected to be expelled from Congress following a scathing report by the House Ethics Committee that found substantial evidence of lawbreaking by the New York Republican. The comments on Friday came during a three-hour conversation …,https://apnews.com/article/george-santos-house-ethics-committee-bf33ec0df1997467617f5d19531a4b26,https://dims.apnews.com/dims4/default/af8b687/2147483647/strip/true/crop/4026x2265+0+210/resize/1440x810!/quality/90/?url=https%3A%2F%2Fassets.apnews.com%2Faa%2F83%2F653f685a74c1b36c598749df3419%2F004cc31cb4444e619705a249dc7ef446,2023-11-25T22:00:04Z,Rep. George Santos says he expects to be kicked out of Congress as expulsion vote loomsNEW YORK (AP) — Rep. George Santos said he expects to be expelled from Congress following a scathing report by t… [+3685 chars],associated-press,Associated Press
"BILL BARROW, MEG KINNARD",The Don looks to upstage at her alma mater's football game...,"Former President Donald Trump plans to use a college football rivalry weekend to bask among his supporters in South Carolina while potentially upstaging Republican rival Nikki Haley, a former South Carolina governor, on her home turf. Trump, the current front…",https://apnews.com/article/donald-trump-2024-republican-nikki-haley-clemson-62ca25d5ad44bb8f1fb352805b3bcd2d,https://dims.apnews.com/dims4/default/29ebd08/2147483647/strip/true/crop/4117x2316+0+215/resize/1440x810!/quality/90/?url=https%3A%2F%2Fassets.apnews.com%2Fca%2Ff8%2F4491b7445952975f03243422bd10%2F0ce55c304e7b47d18028a165bdcfd09a,2023-11-25T18:28:36Z,"COLUMBIA, S.C. (AP) Donald Trump is using a college football rivalry weekend to bask among his supporters in a state and region that are key to his presidential fortunes, while potentially upstaging … [+3798 chars]",associated-press,Associated Press
"NAJIB JOBAIN, SAMY MAGDY",ESCAPE FROM HELL,Hamas is preparing to release more than a dozen hostages for several dozen Palestinian prisoners held by Israel. It's part of an exchange on the second day of a cease-fire that has allowed critical humanitarian aid into the Gaza Strip and given civilians thei…,https://apnews.com/article/israel-hamas-war-news-11-25-2023-7d83895eb736c09fab3eada4c31524b0,https://dims.apnews.com/dims4/default/3ccf4de/2147483647/strip/true/crop/5760x3240+0+300/resize/1440x810!/quality/90/?url=https%3A%2F%2Fassets.apnews.com%2F94%2F62%2Fc38168aae8d7e7bc9ba093621deb%2F7a37c1f12ae940eb8aa57cc71747bcac,2023-11-25T15:07:36Z,"KHAN YOUNIS, Gaza Strip (AP) Hamas was preparing to release more than a dozen hostages Saturday for several dozen Palestinian prisoners held by Israel, part of an exchange on the second day of a ceas… [+6787 chars]",associated-press,Associated Press
MICHAEL R. SISAK,Ex-officer convicted in George Floyd killing stabbed in prison...,Former Minneapolis police Officer Derek Chauvin has been stabbed by another inmate at a federal prison in Arizona where he's serving time for the murder of George Floyd. That's according to a person familiar with the matter who was not authorized to publicly …,https://apnews.com/article/derek-chauvin-george-floyd-prison-stabbing-f24cde6aa28877d034530c2dc40ef7ea,https://dims.apnews.com/dims4/default/52546b0/2147483647/strip/true/crop/2540x1429+0+132/resize/1440x810!/quality/90/?url=https%3A%2F%2Fassets.apnews.com%2Fa4%2Fee%2F76a8325c63c4a1d22655296f9b17%2Faadee3019ddf47ebae68c654d55f1e30,2023-11-25T06:25:36Z,"Derek Chauvin, the former Minneapolis police officer convicted of murdering George Floyd, was stabbed by another inmate and seriously injured Friday at a federal prison in Arizona, a person familiar … [+4733 chars]",associated-press,Associated Press
CLIFF BRUNT,NBA investigating allegations of player having inappropriate relationship with minor...,"The NBA says it is investigating an accusation that Oklahoma City Thunder guard Josh Giddey had an improper relationship with an underage girl. In a since-deleted post, an anonymous social media user said a girl who is seen with Giddey in videos and photograp…",https://apnews.com/article/thunder-josh-giddey-accusation-cafe6e4ff6cf0f6e9bb08a28697674b5,https://dims.apnews.com/dims4/default/86460b7/2147483647/strip/true/crop/4777x2687+0+249/resize/1440x810!/quality/90/?url=https%3A%2F%2Fassets.apnews.com%2F8d%2F79%2F09e349f59b044d50ebfd0d29acc3%2F0be4b398deaa409e9d75582ab733d63c,2023-11-25T06:25:36Z,"The NBA says it is investigating an accusation that Oklahoma City Thunder guard Josh Giddey had an improper relationship with an underage girl.
In a since-deleted post, an anonymous social media use… [+1095 chars]",associated-press,Associated Press
ap news,CEASE-FIRE BEGINS,"A four-day truce in the Israel-Hamas war has taken effect, setting the stage for the exchange of dozens of hostages held by militants in Gaza for Palestinians imprisoned by Israel. Friday’s halt in fighting promised some relief for Gaza's 2.3 million people, …",https://apnews.com/article/israel-hamas-war-news-11-24-2023-172256dd593189f7b37f7c62f4739c6b,https://dims.apnews.com/dims4/default/f3efdf7/2147483647/strip/true/crop/8640x4860+0+450/resize/1440x810!/quality/90/?url=https%3A%2F%2Fassets.apnews.com%2F48%2Fc6%2Fd91314a7e1d770278fd00048c202%2Ffc1fdfdd9af044ff8f6befd5dc4713dc,2023-11-24T12:00:03Z,"Israel and Hamas begin cease-fire, setting stage for release of some hostages and more aid to GazaDEIR AL-BALAH, Gaza Strip (AP) — A four-day cease-fire between Israel and Hamas began Friday, allowin… [+6866 chars]",associated-press,Associated Press
By GERALD IMRAY and MOGOMOTSI MAGOME - Associated Press,South African Olympic runner Oscar Pistorius granted parole 10 years after killing his girlfriend,"Double-amputee Olympic runner Oscar Pistorius has been granted parole, 10 years after shooting his girlfriend through a toilet door at his home in South Africa in a killing that jolted the world. A Department of Corrections spokesperson said Friday that…",https://apnews.com/article/oscar-pistorius-parole-prison-shooting-fb0ea8f28f786f6b91fb93b85ab0d315,https://bloximages.newyork1.vip.townnews.com/roanoke.com/content/tncms/assets/v3/editorial/a/91/a91a82f7-9060-5b22-8dc0-c7bf4b291356/65609220261ac.image.jpg?crop=1746%2C917%2C0%2C134&resize=1200%2C630&order=crop%2Cresize,2023-11-24T11:53:00Z,"By GERALD IMRAY and MOGOMOTSI MAGOME - Associated Press
PRETORIA, South Africa (AP) Double-amputee Olympic runner Oscar Pistorius was granted parole Friday, 10 years after shooting his girlfriend th… [+5167 chars]",associated-press,Associated Press
"PAUL WISEMAN, MICHAEL LIEDTKE","DDG founder says Google's phone, manufacturing partnerships thwart competition",The founder of the small search engine company DuckDuckGo is testifying against Google in the biggest antitrust trial in a quarter of a century. Gabriel Weinberg testified Thursday that Google's deals with phone companies and equipment manufacturers make it h…,https://apnews.com/article/google-antitrust-trial-search-engine-duckduckgo-b3d81d41a5cbf8d7c2cef824663f1f8a,https://dims.apnews.com/dims4/default/8f22120/2147483647/strip/true/crop/5700x3206+0+297/resize/1440x810!/quality/90/?url=https%3A%2F%2Fassets.apnews.com%2F0e%2F30%2Fa41fbf3d6269c93de2da7a53a829%2F53c493a8fdb54ee0931a92fef0d707f6,2023-11-24T09:15:03Z,"WASHINGTON (AP) Appearing in the biggest antitrust trial in a quarter century, DuckDuckGo founder Gabriel Weinberg testified Thursday that it was hard for his small search engine company to compete w… [+4161 chars]",associated-press,Associated Press
"WAFAA SHURAFA, KAREEM CHEHAYEB",Qatar says Gaza cease-fire will begin at Friday morning...,"Qatar says a cease-fire in the Israel-Hamas war will begin at 7 a.m. Friday, with aid “going in as soon as possible.” A spokesman for Qatar’s Foreign Ministry, made the announcement in a news conference in Doha, Qatar. The cease-fire had been anticipated afte…",https://apnews.com/article/israel-hamas-war-news-11-23-2023-fae556c7bdcc5d120b7617d72238b26e,https://dims.apnews.com/dims4/default/865bfa8/2147483647/strip/true/crop/8311x4675+0+433/resize/1440x810!/quality/90/?url=https%3A%2F%2Fassets.apnews.com%2F8c%2F64%2F510e158ed7a7c47931a79a76ff44%2F12273819278b436c96e67042833336f7,2023-11-23T14:46:38Z,"DEIR AL-BALAH, Gaza Strip (AP) A four-day cease-fire in Gaza between Israel and Hamas will began Friday morning, Qatar said, a day later than originally announced, as negotiators worked out final det… [+8484 chars]",associated-press,Associated Press
By VICTOR CAIVANO - Associated Press,Israel unveils what it claims is a major Hamas militant hideout beneath Gaza City's Shifa Hospital,"Israeli military officials have shown a group of international journalists a small living quarters they found in a tunnel underneath Shifa Hospital, claiming that the space had been used by Hamas militants. The army has portrayed it as the most…",https://apnews.com/article/israel-palestinians-war-gaza-shifa-tunnels-hamas-c71ebee136e018fd5a3572a54040f73e,https://bloximages.newyork1.vip.townnews.com/roanoke.com/content/tncms/assets/v3/editorial/c/a9/ca9f81c2-8cad-5111-9243-5d6b9a79d6f4/655fc74f24175.image.jpg?crop=1763%2C926%2C0%2C124&resize=1200%2C630&order=crop%2Cresize,2023-11-23T04:55:30Z,"By VICTOR CAIVANO - Associated Press
GAZA CITY, Gaza Strip (AP) The Israeli military on Wednesday unveiled what it claimed was a Hamas military facility under Gaza's largest hospital, showing what a… [+5068 chars]",associated-press,Associated Press
ap news,Europe Jolted!,An exit poll says the far-right and anti-Islam populist Geert Wilders is heading for a massive parliamentary election victory. It's one of the biggest political upsets in Dutch politics since World War II and one that is bound to send shockwaves through Europ…,https://apnews.com/article/netherlands-election-candidates-prime-minister-f31f57a856f006ff0f2fc4984acaca6b,https://dims.apnews.com/dims4/default/638e7ee/2147483647/strip/true/crop/8393x4721+0+437/resize/1440x810!/quality/90/?url=https%3A%2F%2Fassets.apnews.com%2Fec%2F93%2F7d5547ce457baab2889e8cf9f8d3%2Feaa0ccdc9ad3498e8a489699a384ad9b,2023-11-23T03:00:03Z,"Anti-Islam populist Wilders heading for a massive win in Netherlands in a shock for EuropeTHE HAGUE, Netherlands (AP) — The far-right, anti-Islam populist Geert Wilders was headed for a massive parli… [+5152 chars]",associated-press,Associated Press
By JAMIE STENGLE - Associated Press,"JFK assassination remembered 60 years later by surviving witnesses to history, including AP reporter",Some of the last surviving witnesses to the events surrounding the assassination of President John F. Kennedy are among those sharing their stories as the nation marks the 60th anniversary. Kennedy was killed as his motorcade passed through downtown Dallas…,https://apnews.com/article/jfk-assassination-anniversary-ap-peggy-simpson-822f26b3a850508fb1e6530b86ebf809,https://bloximages.chicago2.vip.townnews.com/thesunchronicle.com/content/tncms/assets/v3/editorial/8/13/813c8df1-1e43-5c5e-b1ed-94ac32d1f2bf/655e7631a7ffd.image.jpg?crop=1763%2C926%2C0%2C124&resize=1200%2C630&order=crop%2Cresize,2023-11-22T21:35:00Z,"DALLAS (AP) Just minutes after President John F. Kennedy was fatally shot as his motorcade rolled through downtown Dallas, Associated Press reporter Peggy Simpson rushed to the scene and immediately … [+5028 chars]",associated-press,Associated Press
By CAROLYN THOMPSON and JENNIFER PELTZ - Associated Press,"2 dead after vehicle explodes at Rainbow Bridge border crossing in Niagara Falls, official says",A law enforcement official says two people have been found dead in a vehicle that exploded at a checkpoint on the American side of a U.S.-Canada bridge in Niagara Falls. A law enforcement official confirmed the deaths to The Associated…,https://apnews.com/article/niagara-falls-bridge-explosion-4e8f9bfeabd94a0d8aa4d96eccd179b9,https://bloximages.chicago2.vip.townnews.com/thesunchronicle.com/content/tncms/assets/v3/editorial/e/ff/eff4a691-6960-5422-ac5d-a3439999e6d6/655e55190e14a.image.jpg?crop=1763%2C926%2C0%2C124&resize=1200%2C630&order=crop%2Cresize,2023-11-22T21:32:00Z,"NIAGARA FALLS, N.Y. (AP) A vehicle exploded at a checkpoint on the American side of a U.S.-Canada bridge in Niagara Falls Wednesday, leaving two people dead and prompting the closing of four border c… [+4423 chars]",associated-press,Associated Press
"By JOSEF FEDERMAN, TIA GOLDENBERG and SAMY MAGDY - Associated Press","Israel and Hamas call a truce to free hostages in swap for prisoners, and allow more aid into Gaza","Officials say Israel and Hamas have agreed to a four-day cease-fire in the war in Gaza. The breakthrough will facilitate the release of dozens of hostages held by militants as well as Palestinians imprisoned by Israel, and bring a large…",https://apnews.com/article/israel-hamas-war-news-11-22-2023-d12c1728cbae0ff74a69cc9cc3e8a646,https://bloximages.chicago2.vip.townnews.com/thesunchronicle.com/content/tncms/assets/v3/editorial/1/dd/1dd5ba3d-2004-50f7-b44f-58b0af9d9161/655e56514c627.image.jpg?crop=1763%2C926%2C0%2C124&resize=1200%2C630&order=crop%2Cresize,2023-11-22T21:20:00Z,JERUSALEM (AP) Israel and Hamas on Wednesday agreed to a four-day cease-fire in the war in Gaza a diplomatic breakthrough that will free dozens of hostages held by militants as well as Palestinians i… [+8537 chars],associated-press,Associated Press
ALANNA DURKIN RICHER Associated Press,2 charged with operating Virginia sex ring that catered to wealthy clients will remain behind bars for now,"Two people accused of operating a high-end brothel network with wealthy and prominent clients in Massachusetts and the Washington, D.C., suburbs will remain behind bars for now. Lawyers for Han Lee and Junmyung Lee agreed to a voluntary order of…",https://apnews.com/article/massachusetts-brothel-network-suspects-472706a780f6de8b68c393bd57d34cfa,https://bloximages.newyork1.vip.townnews.com/richmond.com/content/tncms/assets/v3/editorial/b/6b/b6b63fa4-da2d-5ae8-8386-2629e9015c48/655e67ff66391.image.jpg?crop=1883%2C989%2C0%2C35&resize=1200%2C630&order=crop%2Cresize,2023-11-22T20:21:00Z,"WORCESTER, Mass. Two people accused of operating a high-end brothel network with wealthy and prominent clients in Massachusetts and northern Virginia will remain behind bars for now, a judge said on … [+6897 chars]",associated-press,Associated Press
AP,"At Last, Native American Playwrights Are Getting The Chance To Tell Their Peoples’ Own Stories","The financial crisis of 2008 hit Mary Kathryn Nagle differently. As a playwright and a citizen of the Cherokee Nation, she saw parallels to events that negatively impacted Indigenous people centuries ago. Nagle’s 2018 play “Manahatta” has landed in New York C…",https://apnews.com/article/native-american-plays-stories-tv-d0c97693b0b40d0a78a9b15070f30e0f,https://dims.apnews.com/dims4/default/80b8edb/2147483647/strip/true/crop/2830x1592+0+147/resize/1440x810!/quality/90/?url=https%3A%2F%2Fassets.apnews.com%2Fe6%2Fcb%2Fc8c8e770a4822874ceae16a82673%2F02d57a410644444b983c797a0e976bc6,2023-11-22T19:05:00Z,"NEW YORK (AP) The financial crisis of 2008 hit Mary Kathryn Nagle differently. As a playwright and a citizen of the Cherokee Nation, she saw parallels to events that negatively impacted Indigenous pe… [+6676 chars]",associated-press,Associated Press
Associated Press,Record crowds take to air and roads for Thanksgiving...,"Holiday travelers are starting their final sprint. About 2.7 million people were expected to board flights on Wednesday, and Sunday is expected to set an all-time record of 2.9 million. Many millions of other Americans will drive to Thanksgiving celebrations.…",https://apnews.com/article/holiday-travel-thanksgiving-records-7858946c4d16fdf4291a66d82ea91ac6,https://dims.apnews.com/dims4/default/5431029/2147483647/strip/true/crop/5003x2814+0+260/resize/1440x810!/quality/90/?url=https%3A%2F%2Fassets.apnews.com%2F45%2Fb5%2F69a06da7dcc150e75bcb12e484a7%2F3e1a0dad9a2a43348b8f537d2741b5ed,2023-11-22T14:55:37Z,"The late crush of holiday travelers is picking up steam, with about 2.7 million people expected to board flights on Wednesday and millions more planning to drive to Thanksgiving celebrations.
Airlin… [+3493 chars]",associated-press,Associated Press
STEVE KARNOWSKI,Exploding population of 'super pigs' threatening to spill into US states...,"Minnesota, North Dakota and Montana and other northern states are making preparations to stop an invasion of wild pigs from Canada. Wild pigs already cause around $2.5 billion in damage to U.S. crops every year, mostly in southern states like Texas. But the e…",https://apnews.com/article/wild-pigs-feral-swine-canada-minnesota-border-e59a542efb3c64d5f4b136fc137b7665,https://dims.apnews.com/dims4/default/2a703b2/2147483647/strip/true/crop/2180x1226+0+50/resize/1440x810!/quality/90/?url=https%3A%2F%2Fassets.apnews.com%2Faa%2Fcd%2F6583fb971a9b9424caec867b4643%2F148ada07aaf84fb09b1b0a50a9c2f621,2023-11-22T12:49:38Z,"MINNEAPOLIS (AP) An exploding population of hard-to-eradicate super pigs in Canada is threatening to spill south of the border, and northern states like Minnesota, North Dakota and Montana are taking… [+4712 chars]",associated-press,Associated Press
DÉBORA REY,Meet the women behind Argentina's President-elect Milei...,"Argentina's populist President-elect Javier Milei lacks a group of well-known political advisers but has surrounded himself with a group of women who are set to be influential players in his administration. He dedicated his victory to his sister Karina, calli…",https://apnews.com/article/argentina-milei-president-sister-women-5c705d633642a7c88fe0cbd3350cfecb,https://dims.apnews.com/dims4/default/26456aa/2147483647/strip/true/crop/8640x4860+0+450/resize/1440x810!/quality/90/?url=https%3A%2F%2Fassets.apnews.com%2F4f%2F23%2F997caf9e8301ea67f75d9b4d0e52%2Fa49a35e441e44cf78faadf667974f8c1,2023-11-22T12:49:37Z,"BUENOS AIRES, Argentina (AP) When right-wing populist Javier Milei became Argentinas president-elect, he dedicated his victory to The boss, the nickname he uses for his enigmatic sister, Karina Milei… [+3528 chars]",associated-press,Associated Press
By AMANDA SEITZ - Associated Press,Biden's plan would raise salaries for Head Start teachers but could leave fewer spots for kids,A new plan from the Biden administration could significantly increase salaries for hundreds of low-paid early childhood teachers caring for the country’s poorest children. But it might also force some centers to cut enrollment. The Health and Human Services a…,https://apnews.com/article/preschool-salaries-teacher-pay-shortage-head-start-e3febfb16815517cef8399418ae369c6,https://bloximages.newyork1.vip.townnews.com/roanoke.com/content/tncms/assets/v3/editorial/0/07/00709af3-4b91-5ccc-b606-7e87959f0b8a/655dee4eed3d8.image.jpg?crop=1763%2C926%2C0%2C124&resize=1200%2C630&order=crop%2Cresize,2023-11-22T05:10:26Z,"By AMANDA SEITZ - Associated Press
WASHINGTON (AP) A new plan from the Biden administration could significantly increase salaries for thousands of low-paid early childhood teachers caring for the co… [+4751 chars]",associated-press,Associated Press
ap news,Israeli approves cease-fire with Hamas...,"Israel’s Cabinet has approved a cease-fire deal with the Hamas militant group that would bring a temporary halt to a devastating war now in its seventh week. The Israeli government said that under the deal, Hamas is to free at least 50 of the roughly 240 host…",https://apnews.com/article/israel-hamas-war-news-11-21-2023-39f5ae0bdb4e32f0e69115aa43446132,https://dims.apnews.com/dims4/default/e7a5515/2147483647/strip/true/crop/8640x4860+0+450/resize/1440x810!/quality/90/?url=https%3A%2F%2Fassets.apnews.com%2F58%2F38%2F0ef8a22ca67eb4ae2cf059489871%2Fab3085b70ab1402a9a803f2c759a365e,2023-11-22T02:00:03Z,Israeli Cabinet approves cease-fire with Hamas that includes release of some 50 hostagesJERUSALEM (AP) — Israel’s Cabinet on Wednesday approved a cease-fire deal with the Hamas militant group that wo… [+9671 chars],associated-press,Associated Press
"By LINDSAY WHITEHURST, GENE JOHNSON, FATIMA HUSSEIN and ERIC TUCKER - Associated Press","Largest crypto exchange Binance fined $4 billion, CEO pleads guilty to not stopping money laundering","The U.S. government has dealt a massive blow to Binance, the world’s largest cryptocurrency exchange. The company agreed to a roughly $4 billion settlement with the U.S. over violations of the Bank Secrecy Act and apparent violations of sanctions programs.…",https://apnews.com/article/cryptocurrency-exchange-binance-justice-department-settlement-sec-8314e9697b98cfe3a9827c78e5720914,https://bloximages.newyork1.vip.townnews.com/roanoke.com/content/tncms/assets/v3/editorial/a/8c/a8cada7d-070f-5486-b06e-02fd322c3393/655ec3fd0d96e.image.jpg?crop=1847%2C970%2C0%2C76&resize=1200%2C630&order=crop%2Cresize,2023-11-21T23:19:52Z,"By LINDSAY WHITEHURST, GENE JOHNSON, FATIMA HUSSEIN and ERIC TUCKER - Associated Press
WASHINGTON (AP) The U.S. government dealt a massive blow to Binance, the worlds largest cryptocurrency exchange… [+4608 chars]",associated-press,Associated Press
AP,South Carolina Board Of Education Considers “Age Appropriate” Standards To Keep Books Out Of Libraries,The State Board of Education is considering a universal definition of “age appropriate” educational materials in South Carolina schools and libraries. A proposal advanced Tuesday seeks to bar descriptions or visual depictions of “sexual conduct” and anything …,https://apnews.com/article/south-carolina-schools-race-gender-books-947e2afaf5d7ec4dc455719e4273e5d5,https://dims.apnews.com/dims4/default/b267f86/2147483647/strip/true/crop/2573x1447+0+134/resize/1440x810!/quality/90/?url=https%3A%2F%2Fassets.apnews.com%2F1f%2F83%2F7e92c4fccd7a72930b179dddbe50%2Feb3643fd7fe24779853574991419b373,2023-11-21T20:29:00Z,"COLUMBIA, S.C. (AP) The State Board of Education is considering a universal definition of age appropriate educational materials in South Carolina schools and libraries that would bar descriptions or … [+3994 chars]",associated-press,Associated Press
ap news,NKorea puts spy satellite into orbit...,North Korea claims it has successfully placed a military spy satellite into orbit. The North’s space authorities said in a statement Wednesday that its space launch vehicle placed the Malligyong-1 satellite into orbit on Tuesday night. The North’s claim could…,https://apnews.com/article/north-korea-spy-satellite-japan-5e16266707e0e4034eca022fde44ffa7,https://dims.apnews.com/dims4/default/2ad72cd/2147483647/strip/true/crop/8002x4501+0+417/resize/1440x810!/quality/90/?url=https%3A%2F%2Fassets.apnews.com%2F38%2F45%2Faef9025e96f6a8ea1bb26d816984%2Fe724278061b84a918cac6b6c4297f05b,2023-11-21T19:00:03Z,"North Korea claims its 3rd attempt to put a spy satellite into orbit was successfulSEOUL, South Korea (AP) — North Korea claimed Wednesday to have successfully placed a spy satellite into orbit with … [+8242 chars]",associated-press,Associated Press
Isabel Debre,Gaza health officials say they lost the ability to count dead as Israeli offensive intensifies,Palestinian health officials in Gaza say they have lost the ability to count the dead because of the collapse of the enclave's health system and the difficulty of retrieving bodies from areas overrun by Israeli tanks and troops. The Health Ministry in Hamas-c…,https://apnews.com/article/palestinians-israel-health-ministry-gaza-hamas-fe30cbc76479fa437d5f5a0e96c36e52,https://dims.apnews.com/dims4/default/e7a5515/2147483647/strip/true/crop/8640x4860+0+450/resize/1440x810!/quality/90/?url=https%3A%2F%2Fassets.apnews.com%2F58%2F38%2F0ef8a22ca67eb4ae2cf059489871%2Fab3085b70ab1402a9a803f2c759a365e,2023-11-21T18:11:23Z,JERUSALEM (AP) Palestinian health officials in Gaza said Tuesday that they have lost the ability to count the dead because of the collapse of parts of the enclaves health system and the difficulty of… [+4786 chars],associated-press,Associated Press
AP,Boston Bruins forward Milan Lucic pleads not guilty to assaulting wife,Boston Bruins forward Milan Lucic has been released on personal recognizance bail after pleading not guilty to assaulting his wife. Police said Lucic appeared intoxicated when his wife called officers to their apartment Saturday. He was charged with assault a…,https://apnews.com/article/boston-bruins-milan-lucic-wife-assault-court-3b07975bc5b113b0856e2851d39a199a,https://bloximages.chicago2.vip.townnews.com/thesunchronicle.com/content/tncms/assets/v3/editorial/2/65/265edf88-0def-501f-9fe4-485beedf284c/655cf4619e73d.image.jpg?crop=1763%2C926%2C0%2C124&resize=1200%2C630&order=crop%2Cresize,2023-11-21T17:00:00Z,"BOSTON (AP) Boston Bruins forward Milan Lucic was released on personal recognizance bail Tuesday after pleading not guilty to assaulting his wife.
According to a Boston Police Department report, Luc… [+1580 chars]",associated-press,Associated Press
By HILLEL ITALIE AP National Writer,"60 years after JFK's death, today's Kennedys choose other paths to public service","The 60th anniversary of President John F. Kennedy's assassination finds his family, and the country, at a moment many would not have imagined in JFK's lifetime. The Kennedy family has mostly withdrawn from electoral politics, with the notable exception of…",https://apnews.com/article/president-kennedy-assassination-60-years-public-service-7a17f5baefe83fc1eddb1025e2e298d5,https://bloximages.chicago2.vip.townnews.com/thesunchronicle.com/content/tncms/assets/v3/editorial/2/91/291d71a2-86da-5f6d-8d30-117dd39c41f3/655cfcd40bf4e.image.jpg?crop=1786%2C938%2C0%2C111&resize=1200%2C630&order=crop%2Cresize,2023-11-21T15:41:00Z,"Patrick Kennedy, son of Sen. Ted Kennedy and nephew of President John F. Kennedy, remembers being a young state legislator in Rhode Island some 30 years ago and hearing encouraging words from the opp… [+8432 chars]",associated-press,Associated Press
ap news,Ramaswamy struggles to gain traction as critics question his path ahead...,"Vivek Ramaswamy has failed to move up in the 2024 Republican primary race and is increasingly risking becoming an afterthought. At one recent campaign event in Iowa, hardly anyone was in the room at the time the event was supposed to start. He took the stage …",https://apnews.com/article/ramaswamy-trump-gop-republican-campaign-iowa-cd617f5c1816b4631ae4c2adedd2f9a8,https://dims.apnews.com/dims4/default/62ae4cd/2147483647/strip/true/crop/8490x4776+0+442/resize/1440x810!/quality/90/?url=https%3A%2F%2Fassets.apnews.com%2F0b%2F24%2F59fed3c3621346015235bab1edf9%2F4a02832dfbce418ca11fb0710b3189f0,2023-11-21T13:00:03Z,"Vivek Ramaswamy struggles to gain traction with Iowa Republicans as critics question his path aheadCOUNCIL BLUFFS, Iowa (AP) — Ten minutes before Vivek Ramaswamy was to take the stage in a dated casi… [+7947 chars]",associated-press,Associated Press
ap news,Record crowds take to air and roads for Thanksgiving...,Millions of people are expected to hit airports and highways in record numbers over the Thanksgiving holiday. The busiest days to fly will be Tuesday and Wednesday as well as the Sunday after Thanksgiving. The Transportation Security Administration expects to…,https://apnews.com/article/holiday-travel-thanksgiving-airlines-gas-prices-4dc8ec8af36e686c1bc116df5d736562,https://dims.apnews.com/dims4/default/bff5224/2147483647/strip/true/crop/5616x3159+0+293/resize/1440x810!/quality/90/?url=https%3A%2F%2Fassets.apnews.com%2F8a%2Fac%2Fbe2ef67a3d99b6feca5dde644cf7%2F740365365c6d4387a3037de838c67903,2023-11-21T13:00:03Z,"Record crowds are expected to take to the air and roads for ThanksgivingDALLAS (AP) — Despite inflation and memories of past holiday travel meltdowns, millions of people are expected to hit airports … [+6568 chars]",associated-press,Associated Press
By HANNA ARHIROVA - Associated Press,"10 years later, a war-weary Ukraine reflects on events that began its collision course with Russia","Ten years ago, Ukrainians took to the streets to protest a decision by their Moscow-friendly president to move the country away from the European Union and toward Russia. The demonstrations in Independence Square began a standoff that lasted for months…",https://apnews.com/article/ukraine-uprising-anniversary-russia-war-maidan-2f73f31a5aec45bd7dbcddae8f72edac,https://bloximages.newyork1.vip.townnews.com/roanoke.com/content/tncms/assets/v3/editorial/a/f2/af214d80-1e1e-55f5-915b-e2dc883516d8/655c9defc1d68.image.jpg?crop=1808%2C949%2C0%2C98&resize=1200%2C630&order=crop%2Cresize,2023-11-21T10:28:46Z,"By HANNA ARHIROVA - Associated Press
KYIV, Ukraine (AP) It happens every November, when the cold descends on Kyiv. The change in weather always makes Dmytro Riznychenko think back, and he is overwhe… [+5885 chars]",associated-press,Associated Press
Holly Ramer,Rosalynn Carter's advocacy for mental health was rooted in compassion and perseverance,"Rosalynn Carter's advocacy for mental health started during her husband's 1966 campaign for governor, when she spoke almost daily with Georgia families struggling to get help for their loved ones. She later became the driving force behind federal health legis…",https://apnews.com/article/rosalynn-carter-mental-health-c17a5bc89c29f952b0d3f7f48c3b2412,https://dims.apnews.com/dims4/default/601c1da/2147483647/strip/true/crop/2208x1242+0+434/resize/1440x810!/quality/90/?url=https%3A%2F%2Fassets.apnews.com%2F62%2F94%2F4b0b51ce42351171c596b5d2b4b8%2Febae35acc31043e4b05c39cd27eb2db3,2023-11-21T05:43:55Z,"CONCORD, N.H. (AP) The sun was shining in June 1979 as Rosalynn Carter made her way through an enthusiastic crowd in Laconia, New Hampshire.
She shook my hand! yelled one delighted participant.
The… [+7878 chars]",associated-press,Associated Press
Uzmi Athar,Climate change hits women's health harder. Activists want leaders to address it at COP28,"With the annual U.N.-led climate summit known as COP to convene later this month in Dubai, activists are urging policymakers to respond to climate change’s disproportionate impact on women and girls. And they say it's especially necessary where poverty makes …",https://apnews.com/article/climate-change-women-health-india-cop28-925aee87531d11837e920b5d47dd5d6d,https://dims.apnews.com/dims4/default/a654aab/2147483647/strip/true/crop/2750x1547+0+144/resize/1440x810!/quality/90/?url=https%3A%2F%2Fassets.apnews.com%2Fb4%2F9d%2F6d0b132a5b471ce547ec4da366bc%2F04b3a766041748c2aae084acad96b63f,2023-11-21T02:35:50Z,"NEW DELHI (AP) Manju Devi suffered in pain for two months last year as she worked on a farm near Delhi, unable to break away from duties that sometimes had her standing for hours in the waist-deep wa… [+8649 chars]",associated-press,Associated Press
Jill Colvin,"Trump, on Biden's 81st birthday, releases doctor's note that says he's in 'excellent' health","On President Joe Biden's 81st birthday, GOP front-runner Donald Trump has released a letter from his physician that reports the former president is in “excellent” physical and mental health. The letter posted on Trump’s social media platform contained no deta…",https://apnews.com/article/trump-health-doctor-physical-biden-81-77-d13bcc9c393080169d4b8e3699a67c67,https://dims.apnews.com/dims4/default/869bc49/2147483647/strip/true/crop/2600x1463+0+101/resize/1440x810!/quality/90/?url=https%3A%2F%2Fassets.apnews.com%2F96%2Fd3%2Fdcd724de9570bc4497eb86f4ec81%2F7ba9eee3c92a47d4af50aa41aae1c6b6,2023-11-21T01:10:19Z,NEW YORK (AP) GOP front-runner Donald Trump marked President Joe Biden s 81st birthday on Monday by releasing a letter from his physician that reports the former president is in excellent physical an… [+3526 chars],associated-press,Associated Press
ap news,No more Thanksgiving 'food orgy'? New obesity meds change holiday meals...,"Holiday meals may be changing for millions of Americans struggling with obesity and taking a new generation of weight-loss drugs. Experts and consumers say the drugs are shifting dining habits and social norms around food-centric holidays like Thanksgiving, P…",https://apnews.com/article/wegovy-ozempic-obesity-thanksgiving-holiday-bf8c1f8912eec7ac527bc00ebbbfa848,https://dims.apnews.com/dims4/default/6e8ca12/2147483647/strip/true/crop/2000x1125+0+79/resize/1440x810!/quality/90/?url=https%3A%2F%2Fassets.apnews.com%2F05%2F6c%2F06c97746857352109d5ea7227932%2F3f728ff9f1bc4721bb3cb02c211b42a7,2023-11-20T20:00:03Z,"No more Thanksgiving 'food orgy'? New obesity medications change how users think of holiday mealsFor most of her life, Claudia Stearns dreaded Thanksgiving. As a person who struggled with obesity sin… [+5862 chars]",associated-press,Associated Press
,Miss Nicaragua Sheynnis Palacios Wins Miss Universe Crown,"Miss Nicaragua, Sheynnis Palacios, has won the Miss Universe competition in El Salvador, the first to wear the crown from her country. Palacios is a 23-year-old communicologist and says she wants to work to promote mental health after suffering debilitating b…",https://apnews.com/article/miss-universe-nicaragua-sheynnis-palacios-1c1f0c09dd7913a4c81dbbea9dcf2c9a,https://dims.apnews.com/dims4/default/3ad8477/2147483647/strip/true/crop/3658x2058+0+191/resize/1440x810!/quality/90/?url=https%3A%2F%2Fassets.apnews.com%2Ff2%2F2a%2F7e59f31b44e3aeb78a25a7e8dd10%2F77822f82354048f196df0493c6226f96,2023-11-20T14:41:17Z,"SAN SALVADOR, El Salvador (AP) Miss Nicaragua Sheynnis Palacios won the Miss Universe competition late Saturday night in El Salvador, the first to wear the crown from her country.
Palacios is a 23-y… [+1671 chars]",associated-press,Associated Press
MATTHEW BROWN,Montana farmer stands between Republicans and Senate control...,"After 17 years in the U.S. Senate, Democrat Jon Tester is a well-known commodity in sparsely populated Montana — a plain-spoken grain farmer with a flattop haircut and carefully cultivated reputation as a moderate. He's survived three closely fought elections…",https://apnews.com/article/tester-senate-montana-2024-election-197d50f3aef99d35148e775acff52ed9,https://dims.apnews.com/dims4/default/32dd8ef/2147483647/strip/true/crop/3000x1688+0+156/resize/1440x810!/quality/90/?url=https%3A%2F%2Fassets.apnews.com%2F9e%2Fb7%2F7e706247726b8d23215e0a14c5d0%2Fd70ff6cf353840dbaa6e9cb81db9c0c3,2023-11-20T12:40:39Z,"BIGFORK, Mont. (AP) After 17 years in the U.S. Senate, Democrat Jon Tester is a well-known commodity in Montana a plain-spoken grain farmer with a flattop and a carefully cultivated reputation as a m… [+8692 chars]",associated-press,Associated Press
"ISABEL DEBRE, JON GAMBRELL",Houthi rebels hijack ship in Red Sea...,Yemen's Iran-backed Houthi rebels have seized an Israeli-linked ship in a crucial Red Sea shipping route and taken the 25-member crew hostage. The rebels said they hijacked the ship Sunday over its connection to Israel. The group warned it would continue to t…,https://apnews.com/article/israel-houthi-rebels-hijacked-ship-red-sea-dc9b6448690bcf5c70a0baf7c7c34b09,https://dims.apnews.com/dims4/default/d27bc5a/2147483647/strip/true/crop/1539x866+0+80/resize/1440x810!/quality/90/?url=https%3A%2F%2Fassets.apnews.com%2F6b%2Fde%2F785c072ac3e2730fd94181e6f090%2Fec26a8017bfa49c4af6f409ea3cfe223,2023-11-20T11:43:37Z,"JERUSALEM (AP) Yemens Houthi rebels seized an Israeli-linked cargo ship in a crucial Red Sea shipping route Sunday and took its 25 crew members hostage, officials said, raising fears that regional te… [+6461 chars]",associated-press,Associated Press
"By ERIC TUCKER, ALANNA DURKIN RICHER and LINDSAY WHITEHURST - Associated Press",An appeals court is set to hear arguments asking for Trump's gag order to be put back in place,A federal appeals court is hearing arguments on whether to reinstate a gag order against Donald Trump in the federal case charging him with plotting to overturn the results of the 2020 presidential election. Prosecutors with special counsel Jack Smith’s…,https://apnews.com/article/trump-justice-department-capitol-riot-f6e37b4193a408a990dd3837609acc8e,https://bloximages.newyork1.vip.townnews.com/roanoke.com/content/tncms/assets/v3/editorial/f/02/f0238410-ec57-5bbe-8b89-12b467b37e05/655b4bdc5805f.image.jpg?crop=1763%2C926%2C0%2C124&resize=1200%2C630&order=crop%2Cresize,2023-11-20T08:03:24Z,"By ERIC TUCKER, ALANNA DURKIN RICHER and LINDSAY WHITEHURST - Associated Press
WASHINGTON (AP) A federal appeals court is hearing arguments Monday on whether to reinstate a gag order against Donald … [+3312 chars]",associated-press,Associated Press
By DANIEL POLITI and DAVID BILLER - Associated Press,Right-wing populist Milei set to take Argentina down uncharted path: 'No room for lukewarm measures',"What many deemed impossible just months ago is reality: Right-wing populist Javier Milei resoundingly won Argentina’s presidency. And with his victory Sunday night, the fiery freshman lawmaker has thrust the country into the unknown regarding just how extreme…",https://apnews.com/article/election-milei-massa-runoff-6a171de948a034bd43c853f6d3f50f5c,https://bloximages.newyork1.vip.townnews.com/roanoke.com/content/tncms/assets/v3/editorial/f/ed/feda6e9a-1859-5b89-8a22-c322ac90a65c/655b4c6a4751e.image.jpg?crop=1763%2C926%2C0%2C124&resize=1200%2C630&order=crop%2Cresize,2023-11-20T07:45:02Z,"By DANIEL POLITI and DAVID BILLER - Associated Press
BUENOS AIRES, Argentina (AP) What many deemed impossible just months ago is reality: Right-wing populist Javier Milei resoundingly won Argentina'… [+7371 chars]",associated-press,Associated Press
"DANIEL POLITI, DAVID BILLER",Populist Javier Milei WINS Argentina presidency amid discontent over economy...,"Argentina’s Economy Minister Sergio Massa has conceded defeat to populist Javier Milei in a fiercely polarized presidential runoff even before the country’s electoral authority released official results. Massa congratulated his opponent, a right-wing economis…",https://apnews.com/article/argentina-election-president-milei-massa-a4811c5229d35551f8dbf7056d87aae6,https://dims.apnews.com/dims4/default/59da098/2147483647/strip/true/crop/4594x2584+0+239/resize/1440x810!/quality/90/?url=https%3A%2F%2Fassets.apnews.com%2Fb3%2Fd8%2F71717088cd290eb16b2f5ce6d90c%2F177ac43f2edc48c3b517a8fc4223dd2e,2023-11-20T00:25:39Z,"BUENOS AIRES, Argentina (AP) Argentinas Economy Minister Sergio Massa conceded defeat to populist Javier Milei in Sundays fiercely polarized presidential runoff even before the countrys electoral aut… [+5736 chars]",associated-press,Associated Press
By BILL BARROWand MICHAEL WARREN Associated Press,"Rosalynn Carter, outspoken former first lady, dead at 96","Former first lady Rosalynn Carter has died at the age of 96. The Carter Center in Atlanta announced that the wife of former President Jimmy Carter died Sunday afternoon at her home in Plains, Georgia, with her family at her…",https://apnews.com/article/rosalynn-carter-dead-e4291133392444bc9ad9d1da461d95c1,https://bloximages.chicago2.vip.townnews.com/thesunchronicle.com/content/tncms/assets/v3/editorial/c/55/c553956b-1d9c-5cb9-9ae7-c6b068a78275/655a6db8085ad.image.jpg?crop=1762%2C925%2C0%2C125&resize=1200%2C630&order=crop%2Cresize,2023-11-19T21:27:00Z,"ATLANTA (AP) Former first lady Rosalynn Carter, the closest adviser to Jimmy Carter during his one term as U.S. president and their four decades thereafter as global humanitarians, has died at the ag… [+7990 chars]",associated-press,Associated Press
DEVI SHASTRI,Dogs coming down with unusual respiratory illness...,"Veterinary laboratories in several states are investigating an unusual respiratory illness in dogs. Oregon, Colorado and New Hampshire are among the states that have seen cases of the illness. It does not respond to antibiotics. Symptoms include coughing, sne…",https://apnews.com/article/dog-respiratory-illness-oregon-colorado-7495daf374ddb8179593b2276248da75,https://dims.apnews.com/dims4/default/8ee807b/2147483647/strip/true/crop/3306x1860+0+172/resize/1440x810!/quality/90/?url=https%3A%2F%2Fassets.apnews.com%2Fae%2F15%2F2706590f86c54079b3aed797dcd2%2F5045407957ca4983a78f93f0b1c8a6a9,2023-11-18T23:49:38Z,"Veterinary laboratories in several states are investigating an unusual respiratory illness in dogs, and encouraging people to take basic precautions to keep their pets healthy as veterinarians try to… [+2151 chars]",associated-press,Associated Press
,Australia says its navy divers injured by Chinese 'unsafe' use of sonar...,Australia has accused the Chinese navy of likely causing minor injuries to Australian naval divers by operating its sonar while they were trying to clear fishing nets from their ship’s propellers. An Australian statement posted Saturday said the government ha…,https://apnews.com/article/china-australia-navy-sonar-divers-12a9e6f228aa81272b9b74b87e0489a1,https://dims.apnews.com/dims4/default/8ff48f5/2147483647/strip/true/crop/7897x4442+0+411/resize/1440x810!/quality/90/?url=https%3A%2F%2Fassets.apnews.com%2F5e%2Fb9%2F1473cd7b3656d1021adb738bfabf%2Fd546eae60ba7401a9f5e11a67c0bae3b,2023-11-18T14:49:37Z,BEIJING (AP) Australia on Saturday accused the Chinese navy of likely causing minor injuries to Australian naval divers by operating its sonar while they were trying to clear fishing nets from their … [+1780 chars],associated-press,Associated Press
,"Taylor Swift fan dies at Rio concert as fans complain about high temps, lack of water...",A 23 year-old Taylor Swift fan has died at the singer’s Eras Tour concert in Rio de Janeiro. The show’s organizers in Brazil said in a statement Saturday morning that Ana Clara Benevides Machado was attended by paramedics during the show and taken to a hospit…,https://apnews.com/article/taylor-swift-rio-fan-dies-water-b69ad355301a7ae6edebd3255c94a167,https://dims.apnews.com/dims4/default/250c587/2147483647/strip/true/crop/4000x2250+0+209/resize/1440x810!/quality/90/?url=https%3A%2F%2Fassets.apnews.com%2F6c%2F78%2F5aae88a5b39b884bd006473268fd%2F3c4e998731de42e9a9eb95844f5cd530,2023-11-18T14:49:37Z,"RIO DE JANEIRO (AP) A 23-year-old Taylor Swift fan died at the singers Eras Tour concert in Rio de Janeiro Friday night, according to a statement from the shows organizers in Brazil.
While the cause… [+2265 chars]",associated-press,Associated Press
"DAVID BILLER, DANIEL POLITI",Milei echoes Trump with fraud claims that inject uncertainty into Argentina's presidential runoff...,"In the run-up to the tightly contested Argentina presidential election runoff Sunday, right-wing populist Javier Milei is following former President Donald Trump's playbook, alleging electoral fraud without evidence. The claims have spread like wildfire on so…",https://apnews.com/article/argentina-milei-massa-fraud-election-runoff-683332bb71bc2084c604e22c5919e144,https://dims.apnews.com/dims4/default/f3ebac9/2147483647/strip/true/crop/8640x4860+0+450/resize/1440x810!/quality/90/?url=https%3A%2F%2Fassets.apnews.com%2F94%2Fc8%2F03bca5f33ff83225b4d8063e450a%2F0d910130279b4895accc7e6d064bf68c,2023-11-18T14:49:37Z,"BUENOS AIRES, Argentina (AP) This may sound familiar: A self-styled outsider aims to win the presidency and purge the political establishment so he can restore order to a broken nation if only he can… [+8159 chars]",associated-press,Associated Press
By KATHY McCORMACK Associated Press,Shooter kills 1 before being fatally shot by trooper at New Hampshire psychiatric hospital,Officials say a shooter killed one person Friday in the lobby of New Hampshire’s psychiatric hospital and then was fatally shot by a state trooper. The shooter and victim were not identified and further details weren’t immediately available. New Hampshire…,https://apnews.com/article/new-hampshire-psychiatric-hospital-shooting-686ad90ab38572a8fd69cb0ee9dd72d7,https://bloximages.chicago2.vip.townnews.com/thesunchronicle.com/content/tncms/assets/v3/editorial/c/59/c59c992f-490a-514d-b6c0-bedfa12857c5/6557e9a708429.image.jpg?crop=1763%2C926%2C0%2C125&resize=1200%2C630&order=crop%2Cresize,2023-11-18T01:36:00Z,"CONCORD, N.H. A shooter killed one person Friday in the lobby of New Hampshires psychiatric hospital and then was fatally shot by a state trooper, officials said.
CPR was performed on the victim, wh… [+1641 chars]",associated-press,Associated Press
Jonel Aleccia,"Salmonella in cantaloupes sickens dozens in 15 states, U.S. health officials say",U.S. health officials said at least 43 people have been sickened in 15 states by salmonella linked to certain whole and cut cantaloupes and pre-cut fruit products. Seventeen people have been hospitalized. Officials in Canada are investigating an outbreak invo…,https://apnews.com/article/cantaloupe-salmonella-malichita-recall-b0e630ffcab3aff0936d7c43d3c3b323,https://dims.apnews.com/dims4/default/09b8417/2147483647/strip/true/crop/5616x3159+0+293/resize/1440x810!/quality/90/?url=https%3A%2F%2Fassets.apnews.com%2F92%2Fcf%2F73207ce662f586dce152ffe2159b%2F4a6c0bf39ab24ec9863bb44b5a97dfc1,2023-11-17T23:31:47Z,"U.S. health officials are warning consumers not to eat certain whole and cut cantaloupes and pre-cut fruit products linked to an outbreak of salmonella poisoning. 
At least 43 people in 15 states ha… [+1556 chars]",associated-press,Associated Press
Colleen Long,K-Pop star Rose joins first lady Jill Biden to talk mental health,K-pop superstar Rosé has joined U.S. first lady Jill Biden at a mental health event to talk about how even famous people grapple with emotional struggles. The discussion Friday was one of several events hosted the first lady for the spouses of Asia-Pacific le…,https://apnews.com/article/mental-health-rose-kpop-biden-apec-29dd6d555616e495d13194b4cbfddbf9,https://dims.apnews.com/dims4/default/b1f9276/2147483647/strip/true/crop/3000x1688+0+156/resize/1440x810!/quality/90/?url=https%3A%2F%2Fassets.apnews.com%2Fbc%2F01%2F1c92801b439959778f9caaa4b924%2F2e496b4c36694ef98f837bd9d666a9f5,2023-11-17T21:26:00Z,SAN FRANCISCO (AP) K-pop superstar Rosé said Friday at a mental health awareness event hosted by first lady Jill Biden that its important for the world to understand that famous people grapple with e… [+2341 chars],associated-press,Associated Press
Mike Stobbe,"The flu is soaring in seven US states and rising in others, health officials say",U.S. health officials say at least seven states are seeing high levels of the flu and that cases are rising in other parts of the country. New flu data from the Centers for Disease Control and Prevention shows flu is steadily rising. The winter flu season tra…,https://apnews.com/article/flu-us-puerto-rico-cdc-vaccine-8f92ae888f389f6a9997225ac395316c,https://dims.apnews.com/dims4/default/abf43b4/2147483647/strip/true/crop/4640x2610+0+242/resize/1440x810!/quality/90/?url=https%3A%2F%2Fassets.apnews.com%2Fd2%2Fc4%2F3247475ae8e7d1c71e7ef43be3a0%2Fa38227d59c234ba8a17d3fabafcc13ae,2023-11-17T18:01:01Z,"NEW YORK (AP) The U.S. flu season is underway, with at least seven states reporting high levels of illnesses and cases rising in other parts of the country, health officials say.
The Centers for Dis… [+2533 chars]",associated-press,Associated Press
AP,Cambodia Is Doing Mass Evictions Of Families Living At Angkor Wat,Amnesty International is strongly criticizing UNESCO and its World Heritage program for not challenging the Cambodian government’s mass evictions of people around the centuries-old Angkor Wat complex. The human rights group said Tuesday the evictions of an es…,https://apnews.com/article/angkor-wat-evictions-development-resettlement-9a65b5f0c87c7aec287236a18dac7275,https://dims.apnews.com/dims4/default/319db43/2147483647/strip/true/crop/4896x2754+0+255/resize/1440x810!/quality/90/?url=https%3A%2F%2Fassets.apnews.com%2F69%2F65%2F6a3b99e2cd322623850e65a90a9b%2Fa1ce9ae2755646bfb06223da27dd65c9,2023-11-17T15:31:31Z,BANGKOK (AP) The human rights group Amnesty International has strongly criticized UNESCO and its World Heritage program for failing to challenge the Cambodian governments ongoing mass evictions at th… [+3512 chars],associated-press,Associated Press
,Sean 'Diddy' Combs Accused Of Years Of Rape And Abuse By Singer Cassie In Lawsuit,Sean “Diddy” Combs has been accused of years of abuse including rape and beatings by R&B singer Cassie. Cassie's legal name is Cassandra Ventura. She was in a yearslong relationship with the hip-hop producer and music mogul. She says in a lawsuit filed Thursd…,https://apnews.com/article/diddy-sean-combs-cassie-lawsuit-e3681f1abbe38c11d829c269c9a89260,https://dims.apnews.com/dims4/default/94c6a52/2147483647/strip/true/crop/6000x3375+0+312/resize/1440x810!/quality/90/?url=https%3A%2F%2Fassets.apnews.com%2F75%2Fdb%2Fb086c6de893d9ef0eca4f724ac5d%2F56a635964b544d7e9be64621c1bfeba4,2023-11-17T14:45:38Z,"NEW YORK (AP) Sean Diddy Combs, was accused in a lawsuit Thursday of subjecting R&amp;B singer Cassie to a yearslong relationship that included beatings and rape.
Cassie, whose legal name is Casandr… [+3465 chars]",associated-press,Associated Press
By MARK ANDERSON - AP Sports Writer,Las Vegas Grand Prix expected to smash Formula One betting records,The Las Vegas Grand Prix on Saturday night is expected to set Formula One and motor sports wagering records at Caesars Entertainment and BetMGM. This is the first of a 10-year contract between Formula One and Las Vegas. The first…,https://apnews.com/article/las-vegas-grand-prix-formula-one-betting-03978c21e95e6dcc24812d5c48a94bd6,https://bloximages.newyork1.vip.townnews.com/stltoday.com/content/tncms/assets/v3/editorial/e/60/e602434a-e43f-5b0a-af7d-74e9261a3f8d/65575249170a7.image.jpg?crop=1763%2C926%2C0%2C125&resize=1200%2C630&order=crop%2Cresize,2023-11-17T11:00:09Z,"By MARK ANDERSON - AP Sports Writer
LAS VEGAS (AP) The visuals of the world-famous Strip expected to emerge from the Las Vegas Grand Prix on Saturday night has enticed sports bettors so much that th… [+2991 chars]",associated-press,Associated Press
By MICHAEL LIEDTKE and BARBARA ORTUTAY - AP Technology Writers,"Corporate, global leaders peer into a future expected to be reshaped by AI, for better or worse","President Joe Biden and other global leaders have spent the past few days melding minds with Silicon Valley titans in San Francisco. Their discussions have frequently focused on artificial intelligence, a technology expected to reshape the world, for better o…",https://apnews.com/article/artificial-intelligence-apec-ceo-summit-6805089ac5198a82269c7dafb8e66398,https://bloximages.newyork1.vip.townnews.com/roanoke.com/content/tncms/assets/v3/editorial/9/b2/9b23202b-07ac-5101-a187-8b18491e4436/6557fdb50e3b3.image.jpg?crop=1763%2C926%2C0%2C124&resize=1200%2C630&order=crop%2Cresize,2023-11-17T01:18:54Z,"By MICHAEL LIEDTKE and BARBARA ORTUTAY - AP Technology Writers
SAN FRANCISCO (AP) President Joe Biden and other global leaders have spent the past few days melding minds with Silicon Valley titans i… [+4954 chars]",associated-press,Associated Press
AP,Massachusetts lawmakers fail to approve $250M in emergency shelter aid,The Massachusetts Legislature has wrapped up its formal session without a deal on a supplemental budget. The $2.8 billion spending bill includes hundreds of millions of dollars to address the state’s overburdened emergency shelters. Both the House and Senate …,https://apnews.com/article/massachusetts-legislature-homeless-migrants-7187fc33b37a2424ffafd804019d57ed,https://bloximages.chicago2.vip.townnews.com/thesunchronicle.com/content/tncms/assets/v3/editorial/3/5f/35f5cf09-62fc-5f83-9739-91b9b4653be2/655680f641fe4.image.jpg?crop=1662%2C873%2C0%2C187&resize=1200%2C630&order=crop%2Cresize,2023-11-16T20:31:00Z,BOSTON (AP) The Massachusetts Legislature wrapped up its formal session for the year without a deal on a $2.8 billion spending bill that included hundreds of millions of dollars to address the state'… [+1895 chars],associated-press,Associated Press
,Tenn. teacher charged in paddling elementary student...,Two educators in Tennessee are facing criminal charges stemming from the paddling of an elementary school student. News outlets report a Jackson County grand jury indicted a Dodson Branch Elementary School teacher last week on a charge of simple assault and a…,https://apnews.com/article/tennessee-paddling-charges-teacher-principal-school-aacd88ed5e75151eed9027a575b0c052,https://dims.apnews.com/dims4/default/dcac1a4/2147483647/strip/true/crop/700x394+0+28/resize/1440x810!/quality/90/?url=https%3A%2F%2Fassets.apnews.com%2F90%2F29%2F4e3c1cc7446089a9101a7bdff4c8%2Fdefaultshareimage-copy.png,2023-11-16T19:43:39Z,"GAINESBORO, Tenn. (AP) Two educators in Tennessee are facing criminal charges stemming from the paddling of an elementary school student.
A Jackson County grand jury indicted a Dodson Branch Element… [+1381 chars]",associated-press,Associated Press
geox,Ohio commission approves fracking in state parks and wildlife areas,A state commission in Ohio has voted to approve fracking for oil and gas drilling in state parks and designated wildlife areas. The vote Wednesday comes amid an ongoing investigation into possibly fraudulent support for the measure in the form of identical le…,https://apnews.com/article/ohio-fracking-state-parks-8b8e73c6918e97e588d44855dc8b47eb,https://dims.apnews.com/dims4/default/549f40a/2147483647/strip/true/crop/3781x2127+0+189/resize/1440x810!/quality/90/?url=https%3A%2F%2Fassets.apnews.com%2Fd8%2F31%2F4f33549fd52d0ee1741219620c62%2Ff2493861a7e34f68a899b438bef2d61a,2023-11-16T16:35:17Z,"COLUMBUS, Ohio (AP) Some state parks can be fracked in Ohio, a decision made by a government commission Wednesday despite an ongoing investigation into oil and gas companies claiming possible fraudul… [+5382 chars]",associated-press,Associated Press
By CHRISTOPHER BODEEN - Associated Press,"Xi-Biden meeting seen as putting rocky relations back on course, though main differences remain",U.S. President Joe Biden and his Chinese counterpart Xi Jinping haven't resolved any of the vital geopolitical issues dividing the world’s two largest economies. But they appear to have put a floor under a years long spate of antagonisms between…,https://apnews.com/article/china-us-biden-xi-taiwan-760e31ef59cc476fec7d425a930e8958,https://bloximages.newyork1.vip.townnews.com/roanoke.com/content/tncms/assets/v3/editorial/9/ba/9ba9833d-27ec-5b0c-b63a-63311d3ff76b/65560597b5f8a.image.jpg?crop=1851%2C972%2C0%2C73&resize=1200%2C630&order=crop%2Cresize,2023-11-16T16:25:39Z,"By CHRISTOPHER BODEEN - Associated Press
TAIPEI, Taiwan (AP) Perhaps just shaking hands and sitting down together can be enough sometimes.
At their four-hour meeting Wednesday, U.S. President Joe B… [+6777 chars]",associated-press,Associated Press
ap news,Thousands of STARBUCKS workers to go on one-day strike...,Workers at more than 200 U.S. Starbucks stores plan to walk off the job Thursday. Organizers say it's the largest strike yet in the two-year-old effort to unionize the company’s stores. The Workers United union chose Starbucks' annual Red Cup Day to stage the…,https://apnews.com/article/starbucks-strike-red-cup-day-7c07617260ea1c4760410e29b4509b6b,https://dims.apnews.com/dims4/default/573f681/2147483647/strip/true/crop/5184x2916+0+270/resize/1440x810!/quality/90/?url=https%3A%2F%2Fassets.apnews.com%2F8a%2F5a%2Fe47f6a8bec67b0d689bd4047d7ca%2F217f532f49364713ae1ab53d9c691ff6,2023-11-16T13:00:03Z,Thousands of Starbucks workers are expected to go on a one-day strikeThousands of workers at more than 200 U.S. Starbucks stores plan to walk off the job Thursday in what organizers say is the larges… [+3967 chars],associated-press,Associated Press
ap news,Roger Waters denied hotel stays over antisemitism...,Hotels in Argentina and Uruguay have reportedly rejected reservations for Pink Floyd co-founder Roger Waters over accusations of antisemitism leveled at the British singer known for his pro-Palestinian views. The Argentine newspaper Pagina 12 says Waters was …,https://apnews.com/article/argentina-uruguay-roger-waters-cb8b9276dd2f1eea45eaa6111456406b,https://dims.apnews.com/dims4/default/3b23af0/2147483647/strip/true/crop/4266x2400+0+144/resize/1440x810!/quality/90/?url=https%3A%2F%2Fassets.apnews.com%2Ff4%2F3e%2F2496c445cf71db5a9b9f72e15ee6%2F8d1d53108f1b4f03a18792a7b4b2496c,2023-11-16T13:00:03Z,"Roger Waters denied hotel stays in Argentina and Uruguay over antisemitism allegations, report saysRIO DE JANEIRO (AP) — Hotels in Argentina and Uruguay reportedly rejected reservations for Pink Floy… [+2414 chars]",associated-press,Associated Press
AP,"Justin Torres, Ned Blackhawk, Craig Santos Perez, Dan Santat Win 2023 National Book Awards",Justin Torres’ “Blackouts” has won the National Book Award for fiction. The nonfiction prize was awarded on Wednesday night to Ned Blackhawk’s “The Rediscovery of America.” Young people’s literature was won by Dan Santat’s “A First Time for Everything.” Craig…,https://apnews.com/article/national-book-awards-9174c6f6d43f911a22442a23fad5865a,https://dims.apnews.com/dims4/default/eca917e/2147483647/strip/true/crop/3250x1828+0+209/resize/1440x810!/quality/90/?url=https%3A%2F%2Fassets.apnews.com%2F17%2F0e%2Fcdac681212f6b2cc4e702254ed8d%2Fd43c5b53f9284a9cac91bee9e5addce6,2023-11-16T13:00:00Z,"NEW YORK (AP) Justin Torres novel Blackouts, a daring and illustrated narrative that blends history and imagination in its recounting of a censored study of gay sexuality, has won the National Book A… [+4823 chars]",associated-press,Associated Press
By DIDI TANG - Associated Press,"More pandas will be coming to the US, China's president signals","Chinese President Xi Jinping is signaling that China will send new pandas to the United States. Xi calls pandas “envoys of friendship"" between the Chinese and American people. During a speech before business leaders Wednesday, Xi said China is ready…",https://apnews.com/article/xi-jinping-pandas-apec-94420197473c4152d6a2ce054c725873,https://bloximages.newyork1.vip.townnews.com/roanoke.com/content/tncms/assets/v3/editorial/7/7b/77b772a9-9739-5327-866e-ba4b2de05812/65562474968d1.image.jpg?crop=1763%2C926%2C0%2C124&resize=1200%2C630&order=crop%2Cresize,2023-11-16T12:41:09Z,"By DIDI TANG - Associated Press
SAN FRANCISCO (AP) Chinese President Xi Jinping signaled that China will send new pandas to the United States, calling them envoys of friendship between the Chinese a… [+2839 chars]",associated-press,Associated Press
"MIKE PESOLI, CHRIS MEGERIAN",Protest outside DNC headquarters in Washington turns violent...,"Police and protesters have clashed outside Democratic National Committee headquarters during a demonstration for a cease-fire in the war between Israel and Hamas. Scores of Democratic representatives and candidates, including House Minority Leader Hakeem Jeff…",https://apnews.com/article/washington-protest-democratic-national-committee-capitol-hill-3040090acfc9df2f061e5079b952cdaa,https://dims.apnews.com/dims4/default/849c7e5/2147483647/strip/true/crop/3597x2023+0+187/resize/1440x810!/quality/90/?url=https%3A%2F%2Fassets.apnews.com%2F3b%2Ff8%2Fa3bcea55ed22b5ebc3c6a3c8444d%2F798cdf41e50d4453b89a4690d771a838,2023-11-16T12:28:37Z,"WASHINGTON (AP) Police and protesters clashed outside Democratic National Committee headquarters on Wednesday night during a demonstration for a cease-fire in the war between Israel and Hamas, the la… [+3681 chars]",associated-press,Associated Press
AP,Warriors' Draymond Green suspended 5 games for grabbing Rudy Gobert; 3 players fined,"The NBA has suspended Golden State’s Draymond Green for five games for grabbing Minnesota’s Rudy Gobert around the neck “in an unsportsmanlike and dangerous manner.” Also penalized by the league for their roles in the incident, which happened early in…",https://apnews.com/article/nba-draymond-green-suspended-fe1169a19849ab20809ce345901d279a,https://bloximages.newyork1.vip.townnews.com/stltoday.com/content/tncms/assets/v3/editorial/3/3c/33c59b24-6bb3-5905-b7cc-927deab42215/655605b4a13e0.image.jpg?crop=1763%2C926%2C0%2C124&resize=1200%2C630&order=crop%2Cresize,2023-11-16T05:24:53Z,"NEW YORK (AP) The NBA has suspended Golden State's Draymond Green for five games for grabbing Minnesota's Rudy Gobert around the neck in an unsportsmanlike and dangerous manner, the league said Wedne… [+2371 chars]",associated-press,Associated Press
By LOLITA C. BALDOR - Associated Press,Biden and Xi agree to restore some military-to-military communications between the US and China,President Joe Biden and Chinese President Xi Jinping have agreed to restore some military-to-military communications between their armed forces. Biden and Xi met on the sidelines of the Asia-Pacific Economic Cooperation summit in San Francisco on Wednesday. A…,https://apnews.com/article/us-china-military-relations-339980a0d494bcde92905411838808a4,https://bloximages.newyork1.vip.townnews.com/roanoke.com/content/tncms/assets/v3/editorial/d/2e/d2e8aa5a-8823-53c6-bdf8-5edc2ee7d504/65562093ec0cf.image.jpg?crop=1919%2C1007%2C0%2C36&resize=1200%2C630&order=crop%2Cresize,2023-11-16T02:39:32Z,"By LOLITA C. BALDOR - Associated Press
WASHINGTON (AP) President Joe Biden and Chinese President Xi Jinping agreed Wednesday to restore some military-to-military communications between their armed f… [+8445 chars]",associated-press,Associated Press
AP,Disney To DeSantis: We Add $40 Billion To Florida’s Economy,"Disney has released a study showing its economic impact in Florida at $40.3 billion, directly and indirectly through its supply chain and employee spending. The study released Tuesday comes as Disney battles in courts with Florida Gov. Ron DeSantis and his ap…",https://apnews.com/article/disney-desantis-florida-lgbtq-economics-a1141e36b00f1d67b4520b12b256de2a,https://dims.apnews.com/dims4/default/e892157/2147483647/strip/true/crop/6032x3393+0+315/resize/1440x810!/quality/90/?url=https%3A%2F%2Fassets.apnews.com%2F83%2F17%2F9526e9c2e5ddc963dc88b3a32a6d%2F7412f0ec11ef423ba76ee43c3b2bf85a,2023-11-15T20:06:00Z,"ORLANDO, Fla. (AP) Disney on Tuesday released a study showing its economic impact in Florida at $40.3 billion as it battles Florida Gov. Ron DeSantis and his appointees over their takeover of the dis… [+3635 chars]",associated-press,Associated Press
