headline,source
"Germany's Kuehne examines offer for Signa's Hamburg skyscraper, Handelsblatt reports",Reuters
Shoppers click 'buy' as retailers slash prices ahead of Cyber Monday,Reuters
US Black Friday sales rise 2.5% -Mastercard Spendingpulse,Reuters
X may lose up to $75M by year-end on advertiser exodus,Reuters
Sri Lanka to OK Sinopec's $4.5 bln refinery proposal on Monday -minister,Reuters
"World's largest iceberg breaks free, heads toward Southern Ocean",Reuters
Buffett's Berkshire Hathaway exits India's Paytm in $165 million deal,Reuters
Swedish union blocks Tesla components as dispute intensifies,Reuters
"Tesla ready to invest up to $2 bln to build India factory, but with riders -ET",Reuters
Grid operator to interfere in Finnish electricity market after bidding error,Reuters
Explainer: Global fossil fuel subsidies on the rise despite calls for phase-out,Reuters
"Exclusive: Barclays working on $1.25 billion cost plan, could cut up to 2,000 jobs -source",Reuters
Don't press 'pandemic panic button' scientists caution on China pneumonia report,Reuters
Sam Altman's ouster was precipitated by letter to board about AI breakthrough,Reuters
FAA approves Boeing to start 737 MAX 10 certification flight tests,Reuters
Sony facing $7.9B mass lawsuit over Playstation Store prices,Reuters
Deere forecasts downbeat profit as high borrowing costs pinch demand,Reuters
Mitsubishi Heavy expects to double defence revenue next year,Reuters
Planting 'koala corridors' to save Australia's endangered marsupial,Reuters
Citi makes new appointments in Asia Pacific as part of restructuring,Reuters
Why carbon capture is no easy solution to climate change,Reuters
Economic models buckle under strain of climate reality,Reuters
Buffett says Berkshire has the 'right CEO' to succeed him,Reuters
OpenAI investors considering suing the board after CEO's abrupt firing,Reuters
Giant batteries drain economics of gas power plants,Reuters
Tesla Launched Its Own Car Insurance. These Drivers Say It's A Lemon,Reuters
OpenAI's board approached Anthropic CEO about top job and merger,Reuters
Indian researchers find no link between sudden death and COVID shots,Reuters
"Venmo, Cash App users sue Apple over peer-to-peer payment fees",Reuters
Wells Fargo employees at two branches mount unionization campaign,Reuters
US to offer more free COVID tests nationwide,Reuters
"Researchers return to Alzheimer's vaccines, buoyed by recent drug success",Reuters
Wegovy craze was all the rage on Q3 earnings calls,Reuters
"Citigroup employees brace for layoffs, management overhaul - sources",Reuters
Spanish supermarkets lock up olive oil as shoplifting surges,Reuters
GM's cruise CEO resigns from company - email,Reuters
Argentina elects 'shock therapy' libertarian Javier Milei as president,Reuters
Finland's OL3 nuclear reactor suffers unexpected outage,Reuters
Blackstone frontrunner in Signature Bank commercial-property loan sale- Bloomberg News,Reuters
France test-fires long-range ballistic missile in bid to boost nuclear deterrence,Reuters
OpenAI co-founder Altman planning new venture,Reuters
Explainer: What’s behind the scramble for semaglutide?,Reuters
How well-off Brits still buy Ozempic online for weight loss,Reuters
Short-seller Jim Chanos to close hedge funds - WSJ,Reuters
"Cruise testing continues in Japan, Dubai, even as vehicles parked in US",Reuters
Meta's head of augmented reality software stepping down,Reuters
Hedge fund Qube makes $835 million bet against HSBC shares,Reuters
Apple files legal challenge to EU's Digital Markets Act,Reuters
Fisker delivers over 100 cars in a day with new distribution strategy,Reuters
Exclusivity the name of the game as luxury firms target China's wealthiest for growth,Reuters
"CDC expedites release of 77,000 additional doses of Sanofi-AstraZeneca's RSV drug",Reuters
Fact check: Earth is not flat or surrounded by an ice wall,Reuters
"Samsung boss Jay Y Lee faces final hearing over alleged fraud, stock manipulation",Reuters
Amazon to sell Hyundai vehicles online starting in 2024,Reuters
Subaru to raise US plant worker wages in light of UAW deals with Detroit automakers -CEO,Reuters
UAW ratifies labor deal with General Motors,Reuters
"Sweden plans new nuclear reactors by 2035, will share costs",Reuters
Starbucks employees at hundreds of US stores walkout on Red Cup day,Reuters
UK authorises gene therapy for blood disorders in world first,Reuters
Airbus nears compromise deal after Emirates jet order row,Reuters
"GM workers at big Texas plant approve UAW deal, boosting chances of passage",Reuters
"Microsoft introduces its own chips for AI, with eye on cost",Reuters
NATO to replace AWACS surveillance jets with modified Boeing 737,Reuters
Airlines in last-minute talks to rescue Dubai Airshow deals,Reuters
"US, China pledge cooperation on climate following California talks",Reuters
"Toyota's Camry, best-selling car in US, goes all-hybrid",Reuters
US FDA warns Amazon against sale of unapproved eye drops,Reuters
"Charter to pay $25 million over unauthorized stock buybacks, SEC says",Reuters
US Postal Service reports $6.5 billion net loss for 2023 fiscal year,Reuters
Truth Social reports $73M net loss since launch,Reuters
Workers United calls for walkouts at hundreds of Starbucks stores on Red Cup day,Reuters
"Joby shows off electric air taxis in New York, targeting 2025 launch date",Reuters
"Stellantis offering 6,400 US salaried employees voluntary buyouts",Reuters
"Senator asks Treasury to bar Chinese battery firms, minerals from US EV tax credits",Reuters
"Amazon cuts jobs in games unit, part of broader restructuring",Reuters
Hyundai to hike US hourly wages 25% by 2028 after UAW deal,Reuters
Airbus says agreement with Turkish Airlines reached in principle for order,Reuters
"Emirates orders 90 Boeing 777X, five more 787",Reuters
UK petrol station group EG to buy Tesla charging units,Reuters
"Ford's production workers at Kentucky, Louisville vote against new labor deal",Reuters
China weighs ending freeze on Boeing purchases with 737 Max deal in US -Bloomberg News,Reuters
Hyundai Motor breaks ground on $1.5 billion EV plant in South Korea,Reuters
Australian's ANZ posts record annual profit amid higher interest rates; lifts dividend,Reuters
"Looming Emirates 777X deal to kickstart Dubai Airshow, sources say",Reuters
"In UN talks for a global plastic treaty, delegates to face off over production limits",Reuters
New satellite will detect and share CO2 data from individual facilities,Reuters
Apple agrees to $25M settlement with US over hiring of immigrants,Reuters
Turkish Airlines talks to Airbus about ordering 355 new jets,Reuters
Germany approves global minimum corporate tax,Reuters
"PetroChina to replace Exxon as lead contractor for Iraq's West Qurna 1 oilfield, oil executive says",Reuters
Novo Nordisk says Wegovy heart benefits due to more than weight loss,Reuters
"Hollywood actors' contract clears union board, heads to member vote",Reuters
Exclusive: Southwest Airlines expects certification of Boeing's 737 MAX 7 by April - company exec,Reuters
"US Air Force's new B-21 Raider ""flying wing"" bomber takes first flight",Reuters
Greenland glaciers melt five times faster than 20 years ago,Reuters
Fans Are Defending Blue Ivy After Beyoncé Revealed She Saw The Online Criticism About Her First Renaissance Tour,Buzzfeed
34 Living Room Products That’ll Make Your TV-Watching Spot Even Comfier,Buzzfeed
Indulge In A Self-Care Day With These 25 Personal Care Products,Buzzfeed
Check Out These 30 Budget-Friendly Alternatives To Fancy Name Brand Beauty Products,Buzzfeed
44 Cheap Gifts For Your Coworkers (Even The Ones You Hate),Buzzfeed
"33 Calming, Cozy, And Cuddly Necessities For Anyone Planning On Hibernating Until Next Summer",Buzzfeed
32 Things Here To Help You Tolerate Winter,Buzzfeed
30 Products That'll Instantly Make You Feel More Put-Together,Buzzfeed
45 Of The Most Giftable TikTok Products Of 2023,Buzzfeed
Just 26 Reviewer-Approved Pairs Of Boots For Anyone With Wide Calves,Buzzfeed
33 Travel Items That Are Truly Worth The Splurge,Buzzfeed
"If You Know *Nothing* About Kids But Have To Buy One A Gift, Check Out These 32 Parent-Approved Ones",Buzzfeed
"These 36 Products Will Be Some Of The Best You've Seen In A While, If I Do Say So Myself",Buzzfeed
25 Products To Help Keep Your Heating Bill From Soaring This Winter,Buzzfeed
19 Hair Products To Try If You’re Working To Rehabilitate Your Curls,Buzzfeed
22 Products For The Person Whose FYP Is Entirely Cat Videos,Buzzfeed
30 Gifts They'll Probably Use Every Single Day,Buzzfeed
"13 Out-Of-Touch Celeb Quotes About Work, Money, Privilege, And A Whole Bunch Of Other Things",Buzzfeed
37 Gifts That Basically Everyone Will Want,Buzzfeed
40 Tech And Gadget Gifts They’ll Start Using The Day They Open Them,Buzzfeed
40 Products For Parents Who Barely Have Time To Sleep Let Alone Clean Their Home,Buzzfeed
35 Fun Things You’ll Want To Buy Simply Because You’re An Adult And You Can,Buzzfeed
People Have Split Opinions About This Mother Who Let Her 7-Year-Old Daughter Ride A Pony To School,Buzzfeed
37 TikTok Products That Are Just So Darn Convenient And Clever,Buzzfeed
"38 TikTok Parenting Products You'll Be Running, Not Walking, To Buy",Buzzfeed
33 Cheap But Cute Home Decor Items To Spruce Up Your Guest Room This Holiday Season,Buzzfeed
"People Are Sharing The Family Secrets That Rocked Them To Their Core, Just In Time For The Ultimate Day Of Family Drama — Thanksgiving",Buzzfeed
"This AI Quiz Will Reveal Your Entire O.W.L. Report Card In Like, 15 Seconds",Buzzfeed
49 Inexpensive Products That Give Expensive Versions A Run For Their Money,Buzzfeed
These 33 Hilarious British Tweets Will Have You in Stitches,Buzzfeed
"33 Stocking Stuffers With Over 10,000 5-Star Ratings That'll Please Everyone On Your List",Buzzfeed
25 TikTok Cleaning Products With Satisfying Results,Buzzfeed
28 Affordable Toys And Gifts That Look Much More Expensive,Buzzfeed
47 Products That Do *Exactly* What They Say They Will,Buzzfeed
30 Things From Walmart That’ll Keep Your Kid Occupied On The Weekends,Buzzfeed
38 Cleaning Products You'll Need After All Of Your Relatives Finally Leave This Holiday Season,Buzzfeed
"If You’re Not A Brand-Name Worshipper, You’ll Love These 37 Products That Reviewers Say Are Just As Good As The More Expensive Options",Buzzfeed
"""Because I Bought Him Food, He Didn't Go Through With It"" — 14 Terrifying Stories That Actually Happened To People",Buzzfeed
"People Are Sharing Their Thanksgiving Family Drama, And It's Honestly Juicier Than My Turkey",Buzzfeed
"""You're Getting Judged By The Whole Unit"": 30 Things Hospital Workers Will Only Admit Anonymously",Buzzfeed
"162 Things People Posted Online In 2023 So Far That Made Me Laugh Really, Really, Really, Really, Really, Really, Really, Really, Really, Really, Really Hard",Buzzfeed
48 Products You’ll Love Just As Much The 100th Time You Use As You Did The First Time,Buzzfeed
"I Watched The ""Animal"" Trailer And I Swear On Papa, I Have Thoughts. Lots Of Thoughts",Buzzfeed
40 Travel Products You Won’t Regret Buying For Your Next Trip,Buzzfeed
Time To Show Off Your General Knowledge Skills With This Three-Round Pub Quiz,Buzzfeed
27 Products That’ll Teach You Something New,Buzzfeed
32 Cool-Looking Gifts That'll Light Up Pretty Much Anyone's Eyes,Buzzfeed
33 Home Goods That'll Give Your New Apartment An Amazing Appearance,Buzzfeed
"24 People Who Took ""Trashy"" To Jaw-Droppingly New Heights On Thanksgiving",Buzzfeed
63 Gifts That’ll Probably Make Everyone Say “Ooh” When They Get Unwrapped,Buzzfeed
There’s A Good Chance You’ll Find Your New Favorite Product In This Post,Buzzfeed
46 Stocking Stuffers For Kids They'll Truly Love,Buzzfeed
28 Things For Your Home That Don’t Look Functional But Really Are,Buzzfeed
28 Kitchen Products Under $15 That'll Make Cooking More Enjoyable,Buzzfeed
39 Things That’ll Improve Your Bathroom So Much You’ll Think You Entered The Twilight Zone,Buzzfeed
"45 Things Our Readers Loved After Buying Them From Our Posts, So You Probably Will, Too",Buzzfeed
38 Products That’ll Easily Make Your House A Home,Buzzfeed
"""I Have No Idea Who Or What He Was"": 19 Creepy, Bizarre, And Absolutely Inexplicable Events From People's Lives That They Still Don't Have Answers For",Buzzfeed
"Our New ""Roast"" Filter Will Generate Personalized Insults Faster Than You Can Say ""Gordon Ramsay""",Buzzfeed
51 Toys That’ll Actually Make Kids Put Down The iPad,Buzzfeed
"If You Want To Finish Some Holiday Shopping ASAP, Here Are 47 Gifts Under $10 That Won't Make You Seem Cheap",Buzzfeed
45 TikTok Products Under $50 That Will Make Holiday Gift Shopping *Too* Easy,Buzzfeed
"32 Things To Help Make Your Home Look ""Better Than Move-In Day"" Levels Of Good",Buzzfeed
33 Gifts To Make Them Feel Like A Real-Life Inspector Gadget,Buzzfeed
71 Fancy But Inexpensive Gifts For Everyone On Your List,Buzzfeed
20 Pieces Of Furniture That’ll Make Your Home Feel Like You Live On The Cover Of Architectural Digest,Buzzfeed
30 Travel Items To Help You Set Up Your Home Away From Home,Buzzfeed
"They Say A Picture Is Worth A Thousand Words, And That Is Absolutely The Case With The Before And Afters For These 25 Hair Products",Buzzfeed
These 18 Problem-Solving Products Under $10 Have Beauty Snob Reviewers,Buzzfeed
59 Presents That Actually Won't Get Re-Gifted,Buzzfeed
"70 Of The Best Gifts Under $10 To Give This Year, Before They Go Flying Off The Shelves",Buzzfeed
Your Schoolies Plans Tell Us How Much HECS Debt You'll End Up Having,Buzzfeed
32 Things That Must Have Been Designed By Geniuses,Buzzfeed
"""Never Touched A Dirty Dish, Never Touched A Broom, Just Sat On The Couch...And Shopped All Day, Every Day,"" And 14 Other Poor Experiences People Had With Rich Roommates",Buzzfeed
"21 Just On-Point And Hilarious Spoiler-Free Twitter Reactions To ""Saltburn"" — Which Is Definitely The Wildest Movie Of The Year",Buzzfeed
"""It's Still One Of The Most Painful Betrayals In My Life"": People Are Sharing The Moment They Knew Their Friendship Was Over",Buzzfeed
The National Park Service's Account On X Is One Of The Funniest Thing On That Godforsaken Website,Buzzfeed
"Forget Turkey, Let's Roast Your Friends And Family With This Custom Meme Generator",Buzzfeed
"""Squid Game: The Challenge"" Is Out Now – We Sat Down With A Contestant And The Creators To Ask Them Everything We Wanted To Know",Buzzfeed
29 Tiny Gifts To Give Yourself When You Want A Little Burst Of Dopamine,Buzzfeed
33 Awesome Skincare Products Under $10 If You’re On A Budget But Want To Treat Yourself,Buzzfeed
"If You Get A Rush From Cleaning, You’ll Definitely Feel It With These 53 Products",Buzzfeed
41 Time-Saving Products For Anyone Who Already Has Too Much On Their Holiday Season To-Do List,Buzzfeed
32 Gifts For Kids That'll Win You Favorite Aunt/Uncle Status,Buzzfeed
37 Functional Pieces Of Decor That Will Leave Your Guests Asking Where You Got Them,Buzzfeed
11 Wild Celebrity Rumors That Actually Turned Out To Be True,Buzzfeed
35 Gifts For Anyone Who Spends Most Of The Day At Their Computer,Buzzfeed
37 Travel Products That Will Make You Feel Like A Little Bit Of A Show Off,Buzzfeed
23 Products Under $20 That Work Just As Well As The More Expensive Options,Buzzfeed
37 Ridiculously Effective Products To Improve Your Home,Buzzfeed
"A Succulent Pillow, Rose Ice Cube Tray, And 29 Other Things You'll Want To Fill Your Cart With",Buzzfeed
"""I Just Never Knew That Men Were This Way"": 17 Women Shared The Things They Learned About Men After Moving In With One",Buzzfeed
60 Gifts You Basically Can’t Go Wrong With,Buzzfeed
Reviewers Are Obsessed With These 30 Products And We Refuse To Gatekeep Them,Buzzfeed
34 Ingenious Products That I Consider An Absolute Win,Buzzfeed
Your Messy Home Wants You To See The Before And After Photos For These 32 Cleaning And Organization Products,Buzzfeed
Reviewers In Their 40s Are Pretty Fond Of These 23 Products (And Their Reviews Will Show You Why),Buzzfeed
34 Products To Help Solve The Grooming Issues You Wish Would Disappear,Buzzfeed
"Marty Krofft, 'King of Saturday Mornings,' dies at 86",Entertainment Weekly
Missing Irish filmmaker Ross McDonnell confirmed dead by family,Entertainment Weekly
Why Daryl Hall is suing John Oates,Entertainment Weekly
Cher's Macy's Thanksgiving Day Parade performance interrupted by glitch,Entertainment Weekly
"Beyonce makes surprise appearance during Thanksgiving Day parade, previews new 'Renaissance' film",Entertainment Weekly
Whoopi Goldberg reacts to Thanksgiving turkey criticism over gloves,Entertainment Weekly
Sean Penn praises Matthew Perry for speaking out about addiction battle,Entertainment Weekly
Daryl Hall filed a restraining order against John Oates,Entertainment Weekly
Melissa Barrera dropped from 'Scream 7' after posts about Israel-Hamas war,Entertainment Weekly
'The View' hosts see red flags in Travis Kelce's Taylor Swift interview,Entertainment Weekly
'Drag Race Germany' winner Pandora Nox is series first cis woman to win,Entertainment Weekly
Kristen Stewart 'crashed' Robert Pattinson's birthday party,Entertainment Weekly
Sarah Paulson remembers Studio 60 costar Matthew Perry,Entertainment Weekly
See Eddie Murphy as Axel Foley in Beverly Hills Cop 4 first look,Entertainment Weekly
Candace Cameron Bure's daughter Natasha stars in new Christmas movie,Entertainment Weekly
Nicholas Hoult to play Lex Luthor in 'Superman: Legacy',Entertainment Weekly
New Jason Bourne movie in the works with director Edward Berger,Entertainment Weekly
'Blue Bloods' starring Tom Selleck to end with season 14,Entertainment Weekly
Disney parks boss previews Indiana Jones replacement for Dinosaur ride,Entertainment Weekly
Travis Kelce shares how Taylor Swift romance began,Entertainment Weekly
How 'The Color Purple' star Fantastia Barrino injected new life into film,Entertainment Weekly
"Suki Waterhouse, Robert Pattinson expecting first child together",Entertainment Weekly
Ballad of Songbirds and Snakes tops box office while The Marvels drops,Entertainment Weekly
Suzanne Shepherd dead: 'The Sopranos' and 'Goodfellas' actress was 89,Entertainment Weekly
Colin Jost holds up sign for Dana Carvey on 'SNL',Entertainment Weekly
Joy Behar defends Pride-themed nutcracker against Fox,Entertainment Weekly
Dana Carvey's son Dex dies at 32 from drug overdose,Entertainment Weekly
'Grey's Anatomy' season 20 gets March premiere date,Entertainment Weekly
Joy Behar doesn’t want Taylor Swift stuck with ‘idiot’ Travis Kelce,Entertainment Weekly
Rebel Moon's Zack Snyder unravels secrets of his universe,Entertainment Weekly
'Percy Jackson' trailer: Meet Lin-Manuel Miranda's Hermes in new show,Entertainment Weekly
"Donald Glover, Maya Erskine preview 'Mr. & Mrs. Smith' TV show",Entertainment Weekly
'Shadow and Bone' canceled after 2 seasons at Netflix,Entertainment Weekly
'Law & Order' star Jeffrey Donovan not returning for season 23,Entertainment Weekly
Pedro Pascal might be Reed Richards in Marvel’s 'Fantastic Four' movie,Entertainment Weekly
Lisa Kudrow remembers 'Friends' costar Matthew Perry,Entertainment Weekly
Jeff Probst says 'Survivor' quitters will no longer get torch snuffed,Entertainment Weekly
David Schwimmer pays tribute to late Matthew Perry,Entertainment Weekly
Barry Williams is longest-lasting 'Brady Bunch' star on 'DWTS',Entertainment Weekly
Billy Porter booed on 'DWTS' for telling Jason Mraz to stop mouthing along,Entertainment Weekly
'Young Sheldon' to end with season 7 on CBS,Entertainment Weekly
Courteney Cox honors late Matthew Perry: 'I miss you every day',Entertainment Weekly
Jada Pinkett Smith: Reason for Oscars slap is 'Will's story to tell',Entertainment Weekly
'Friends' coffee shop Central Perk opens with Matthew Perry tribute,Entertainment Weekly
Billie Eilish blasts trolls who comment on her style,Entertainment Weekly
Matt LeBlanc pays tribute to 'Friends' costar Matthew Perry,Entertainment Weekly
Jason Alexander on possible 'Seinfeld' reunion: 'No one called me',Entertainment Weekly
Whoopi Goldberg celebrates her birthday on 'The View',Entertainment Weekly
'Big Brother' stars Cirie and Matt to guest on 'Bold and the Beautiful',Entertainment Weekly
Denzel Washington and Antoine Fuqua reunite for Netflix move on Hannibal,Entertainment Weekly
Bobby Berk leaves 'Queer Eye' after 8 seasons,Entertainment Weekly
"The 'Loki' season 2 finale, explained",Entertainment Weekly
'Survivor' and 'Amazing Race' to continue with 90-minute episodes in 2024,Entertainment Weekly
Bianca Del Rio reveals new Dead Inside tour dates: See the full list,Entertainment Weekly
'The Marvels' has MCU's worst box office opening ever,Entertainment Weekly
Britney Spears auditions memoir narrators in 'SNL' sketch,Entertainment Weekly
Leonard Bernstein's wife knew he was bisexual,Entertainment Weekly
Taylor Swift changes 'Karma' lyric for Travis Kelce at Eras concert,Entertainment Weekly
Jamie Lee Curtis and Lindsay Lohan have 'Freaky Friday' reunion,Entertainment Weekly
Barbra Streisand and James Brolin's romance inspired Aerosmith's 'I Don't Want to Miss a Thing',Entertainment Weekly
Actors' strike ends: What's in the new SAG-AFTRA contract,Entertainment Weekly
"'Game of Thrones' actor Thor Björnsson, wife announce stillbirth",Entertainment Weekly
Batman meets 'Home Alone' in 'Merry Little Batman' first look,Entertainment Weekly
'Big Brother' star Matt Klotz says he was 'unprepared' for jury questions,Entertainment Weekly
Steve Martin is 'so proud' of his novella Shopgirl being banned from school libraries in Florida [Entertainment Weekly],Entertainment Weekly
'Big Brother' to air 'Reindeer Games' all-stars mini-season,Entertainment Weekly
'The Golden Bachelor' recap: The sweetest 'Women Tell All' ever,Entertainment Weekly
Barbra Streisand thinks she 'probably' slept with Warren Beatty,Entertainment Weekly
"'Avatar: The Last Airbender' live-action trailer reveals Appa, premiere date",Entertainment Weekly
'Camp Cretaceous' team sets 'Jurassic World: Chaos Theory' for 2024,Entertainment Weekly
Jared Leto now first person to climb to top of Empire State Building,Entertainment Weekly
'Inside Out 2' teaser trailer: Anxiety is Riley's newest emotion,Entertainment Weekly
'Big Brother' season 25 jury speaks in exclusive finale interview,Entertainment Weekly
Zac Efron 'hugely honored' that Matthew Perry wanted him for biopic,Entertainment Weekly
The SAG-AFTRA strike is finally over after 118 days,Entertainment Weekly
"Teenage Mutant Ninja Turtles get commemorative manhole cover in Dover, N.H.",Entertainment Weekly
Shania Twain's tour crew injured in rollover bus crash in Canada,Entertainment Weekly
Kristin Chenoweth responds to 'Bachelor' star's Lady Gaga shade,Entertainment Weekly
Tony Shalhoub is back as Monk in 'Mr. Monk's Last Case' trailer,Entertainment Weekly
'The View' star Whoopi Goldberg scolds millennials who don't work,Entertainment Weekly
"'Ghostbusters: Frozen Empire' trailer with Finn Wolfhard, Paul Rudd released",Entertainment Weekly
'Mean Girls' movie musical trailer brings back the Plastics,Entertainment Weekly
Patrick Dempsey is PEOPLE's Sexiest Man Alive 2023,Entertainment Weekly
'The White Lotus' creator teases 'supersized' season 3,Entertainment Weekly
Lady Gaga annoyed 'Bachelor' alum Carly Waddell in college,Entertainment Weekly
Nintendo is making a live-action 'Legend of Zelda' movie,Entertainment Weekly
'The Crown' insider says making final season was 'very odd',Entertainment Weekly
Jeremy Allen White recalls failed meeting for a 'Marvel-y movie',Entertainment Weekly
We may never know if Drew Barrymore accepted Pauly Shore's proposal,Entertainment Weekly
Jason Segel revives 'Forgetting Sarah Marshall' Dracula puppet musical,Entertainment Weekly
Jesse Tyler Ferguson reunites with 'Modern Family' daughter,Entertainment Weekly
Matthew Perry stopped Chandler cheating storyline on 'Friends',Entertainment Weekly
Read Stephen King's 'Cujo' sequel in excerpt from new story collection,Entertainment Weekly
"Zac Efron, Jeremy Allen White on true story of 'Iron Claw'",Entertainment Weekly
Black Panther stuntman and children killed in car crash,Entertainment Weekly
Peter White dead: All My Children star was 86,Entertainment Weekly
