author,title,description,url,urlToImage,publishedAt,content,source.id,source.name
Jessica Wang,Macaulay Culkin reunites with Home Alone mom Catherine O'Hara,"Merry Christmas, ya filthy animals: Macaulay Culkin has tearful reunion with 'Home Alone' mom Catherine O'Hara at his Hollywood Walk of Fame ceremony.",https://ew.com/macaulay-culkin-catherine-ohara-home-alone-reunion-hollywood-walk-of-fame-ceremony-8409936,https://ew.com/thmb/p7xx4rT_WDsNTRobFdjKjH4Xlx8=/1500x0/filters:no_upscale():max_bytes(150000):strip_icc()/catherine-ohera-Macaulay-Culkin-120123-tout-9330751825054203ab466eb1b9870a67.jpg,2023-12-01T22:12:05Z,"""Kevin!"" Catherine O'Hara reunited with herHome Alone son Macaulay Culkin at his Hollywood Walk of Fame star ceremony on Friday, where she delivered a speech that reduced her former costar to tears.… [+2701 chars]",entertainment-weekly,Entertainment Weekly
Kristen Baldwin,Theresa says Gerry's 'Golden Bachelor' proposal pause was a 'mistake',"Golden Bachelor Gerry Turner's bride-to-be Theresa Nist says she's still a little miffed about his proposal fake-out pause, but she's will to forgive him. Read our interview with the happy couple.",https://ew.com/the-golden-bachelor-gerry-theresa-interview-proposal-pause-mistake-8409568,https://ew.com/thmb/PHLcei6MHRB-SrGlodxCYqXnANg=/1500x0/filters:no_upscale():max_bytes(150000):strip_icc()/the-golden-bachelor-gerry-theresa-120123-7024b7da2ea049878adedbd56bb30e55.jpg,2023-12-01T21:19:47Z,"It's official: Romance never retires.
On Thursday's season finale of The Golden Bachelor, 72-year-old widower Gerry Turner ended his ""journey"" by getting down on one knee and popping the question to… [+6354 chars]",entertainment-weekly,Entertainment Weekly
Emlyn Travis,'Final Destination' star Devon Sawa pokes fun at log death scene,'Final Destination' star Devon Sawa put the ho-ho-horror in the holiday season with a sly reference to the series' infamous log death scene.,https://ew.com/devon-sawa-pokes-fun-final-destination-log-death-scene-holiday-post-8409791,https://ew.com/thmb/fyKZfVOhD9ir758JfhaRZ8ZKf48=/1500x0/filters:no_upscale():max_bytes(150000):strip_icc()/devon-sawa-final-destination-120123-6b6c9951e670423aa8050767d9adc373.jpg,2023-12-01T19:36:36Z,"Put him on the naughty list! Final Destination star Devon Sawa is poking fun at the series infamous log death scene in his latest holiday-themed Instagram post. 
On Friday, the actor, who played Ale… [+1716 chars]",entertainment-weekly,Entertainment Weekly
Joey Nolfi,Simu Liu says health scare forced him to exit Disney Christmas event,Actor Simu Liu revealed 'health scares' forced him to drop out of Disney World's 2023 Candlelight Processional celebrity lineup at Epcot.,https://ew.com/simu-liu-health-scare-dropped-out-disney-world-candlelight-processional-8409616,https://ew.com/thmb/cLumc2gGGRZBrgGh8vbBzNf9Xws=/1500x0/filters:no_upscale():max_bytes(150000):strip_icc()/simu-liu-epcot-sphere-120123-2-4de45c617b724841a4dec16825742a37.jpg,2023-12-01T16:12:20Z,"Simu Liu's holiday season began with a serious health issue that forced him to drop out of a Christmas event at Disney World, the Marvel and Barbie actor revealed Thursday.
""I'm so absolutely gutted… [+1972 chars]",entertainment-weekly,Entertainment Weekly
Lester Fabian Brathwaite,'Frasier' finale first look sees Peri Gilpin return as Roz,Peri Gilpin on her return as Roz Doyle on 'Frasier': 'It was a fantasy come true to play that part again and to go back into that world.',https://ew.com/frasier-reboot-peri-gilpin-roz-first-look-photos-8408332,https://ew.com/thmb/s5Gr3r_XENczEiOBTs2jVbl5DzA=/1500x0/filters:no_upscale():max_bytes(150000):strip_icc()/Peri-Gilpin-Fraiser-112923-01-8d20d83793344d79b9e9ee5b694bd5c6.jpg,2023-12-01T15:00:00Z,"It's funny when sitcom friends start feeling like your actual friends, and who doesn't love a good reunion?
For 11 seasons, Frasier Crane (Kelsey Grammer) and Roz Doyle (Peri Gilpin) sat across from… [+5665 chars]",entertainment-weekly,Entertainment Weekly
Wesley Stenzel,Kelly Clarkson's ex-husband ordered to pay her $2.6 million,"Kelly Clarkson's ex-husband, Brandon Blackstock, has been ordered to pay the 'Stronger' singer more than $2.6 million in connection with unlawfully procured business deals.",https://ew.com/kelly-clarkson-ex-husband-ordered-pay-her-2-6-million-8409491,https://ew.com/thmb/pkJfIyRWhkLQ72hnvt3JbCV7uyc=/1500x0/filters:no_upscale():max_bytes(150000):strip_icc()/Kelly-Clarkson-and-Brandon-Blackstock-113023-3d9ec9d3e72d4a7d9f35a48f70e56c78.jpg,2023-12-01T02:13:50Z,"Kelly Clarkson's ex-husband, Brandon Blackstock, has been ordered to pay the ""Stronger"" singer more than $2.6 million in connection with several business deals he improperly orchestrated.
As Clarkso… [+1717 chars]",entertainment-weekly,Entertainment Weekly
Lauren Huff,"Mariska Hargitay returns the favor, names her cat after Taylor Swift song","'Law & Order: SVU' star Mariska Hargitay has added a new feline to her family, and given it a Taylor Swift-inspired name after Hargitay's 'SVU' character famously inspired one of Swift's beloved cat's names.",https://ew.com/mariska-hargitay-names-her-cat-after-taylor-swift-song-8409446,https://ew.com/thmb/f_nFa0jTs1zqsXDeA_qhLtTKMjo=/1500x0/filters:no_upscale():max_bytes(150000):strip_icc()/Mariska-Hargitay-Taylor-Swift-113023-fd63d9d9ddc74f39a359b85be1c0e40a.jpg,2023-11-30T23:42:12Z,"Karma is a cat, purring in Mariska Hargitay's lap 'cuz it loves her.
The Law &amp; Order: SVU star has added a new feline to her family, and given it a Taylor Swift-inspired name: Karma. Hargitay sh… [+1788 chars]",entertainment-weekly,Entertainment Weekly
Devan Coggan,Tom Holland says 'Spider-Man 4' would need to do justice to character,"Tom holland says he'd love to suit up for another 'Spider-Man' movie, but only if the story made sense: 'I want to protect his legacy.'",https://ew.com/tom-holland-spider-man-4-would-need-to-do-justice-to-character-8409436,https://ew.com/thmb/1A-ZL32_3DrSpQsmLQENYcMcer8=/1500x0/filters:no_upscale():max_bytes(150000):strip_icc()/spider-man-homecoming-df-28509_r2_r-2000-962bcaf81c2c49d3948188abdc9f56f7.jpg,2023-11-30T23:13:47Z,"Tom Holland isn't ruling out a return to playing Spider-Man as long as the story is up to snuff.
Speaking to reporters at a recent Critics Choice Association press conference, Holland addressed his … [+2123 chars]",entertainment-weekly,Entertainment Weekly
Wesley Stenzel,'Chicago Fire' star Alberto Rosende exiting show in season 12,Albert Rosende is leaving 'Chicago Fire' after four seasons playing Blake Gallo — but fans will have one more chance to see him in action.,https://ew.com/alberto-rosende-leaving-chicago-fire-season-12-8409389,https://ew.com/thmb/32XzG6O0sigLlGdZKhxrKA2jWpo=/1500x0/filters:no_upscale():max_bytes(150000):strip_icc()/Alberto-Rosende11302338-1cfb7bde88654935b17d7285488e1217.jpg,2023-11-30T22:53:11Z,"Alberto Rosende is about to battle his last blaze.
After four seasons playing firefighter Blake Gallo on Chicago Fire, the actor is set to leave the NBC series in season 12, EW has confirmed. Rosend… [+1492 chars]",entertainment-weekly,Entertainment Weekly
Shania Russell,Disney CEO Bob Iger explains why 'The Marvels' flopped at box office,Disney CEO Bob Iger blames 'The Marvels' flopping at the box office on a lack of 'supervision' on set and says the studio has made too many sequels.,https://ew.com/disney-bob-iger-explains-why-the-marvels-flopped-at-box-office-8409177,https://ew.com/thmb/ZLLtr3vPIBAW2X5Lh6873GkTE4E=/1500x0/filters:no_upscale():max_bytes(150000):strip_icc()/bob-iger-the-marvels-113023-0d816cf944d84834bab3c0a8941c066d.jpg,2023-11-30T19:53:27Z,"Disney CEO Robert Iger has addressed The Marvels flopping at the box office, pointing a finger at pandemic-related production restrictions.
""The Marvels was shot during COVID,"" Iger said during a pa… [+3884 chars]",entertainment-weekly,Entertainment Weekly
Nick Romano,Timothée Chalamet's 'Wonka' teacup was actually edible,"Unlike original Willy Wonka, Gene Wilder, who had to bite into a wax teacup, the 'Wonka' director and chocolatier made an edible cup for Timothée Chalamet to chomp into — but doing so was a bit of a challenge.",https://ew.com/timothee-chalamet-wonka-teacup-edible-8407337,https://ew.com/thmb/khfaAzsfQJay-aswCE4BB7lY-lk=/1500x0/filters:no_upscale():max_bytes(150000):strip_icc()/Will-Wonka-112723-02e29de07cab428b8c536c1e87bd0edf.jpg,2023-11-30T17:55:26Z,"One of the most famous scenes from 1971's Willy Wonka and the Chocolate Factory is its star, Gene Wilder, biting into a yellow candy teacup at the end of ""Pure Imagination."" Too bad the now-famous st… [+3369 chars]",entertainment-weekly,Entertainment Weekly
Sydney Bucksbaum,'Squid Game: The Challenge' player says condoms were used as chapstick,'Squid Game: The Challenge' Player 301/Trey tells EW that contestants were forced to use lubricated condoms as chapstick in the dorms until producers gave them real lip balm tins.,https://ew.com/squid-game-the-challenge-player-confirms-condoms-were-used-as-chapstick-8408100,https://ew.com/thmb/oenhHfihqfSMbnCUSlXe6eWSjBw=/1500x0/filters:no_upscale():max_bytes(150000):strip_icc()/squid-game-the-challenge-111723-3-8b2b475053d64e26bf247c7b4b350501.jpg,2023-11-30T15:00:00Z,"Warning: This article contains spoilers for Squid Game: The Challenge episodes 1-9.
This might actually be more shocking than anything shown onscreen on Squid Game: The Challenge, but players were s… [+2702 chars]",entertainment-weekly,Entertainment Weekly
Wesley Stenzel,Watch trailer for Chad Michael Murray's new Christmas movie,"Chad Michael Murray is trading 'One Tree Hill' for a windmill in 'Christmas on Windmill Way,' a new holiday romance movie on Great American Family. Watch the exclusive trailer.",https://ew.com/chad-michael-murray-new-christmas-movie-trailer-8407234,https://ew.com/thmb/IsOmcQLRvm-kv0B0K296XtFajM0=/1500x0/filters:no_upscale():max_bytes(150000):strip_icc()/Chad-Michael-Murray11272306-50aa921b90d6479885e97949563888c2.jpg,2023-11-30T14:00:00Z,"Chad Michael Murray is moving from One Tree Hill to Windmill Way.
In the new movie Christmas on Windmill Way on Great American Family, the actor behind the beloved teen drama's Lucas Scott gets in t… [+1482 chars]",entertainment-weekly,Entertainment Weekly
Wesley Stenzel,Get ready for a 'Sex and the City'-inspired reality dating show,"Candace Bushnell, the real-life Carrie Bradshaw and author of 'Sex and the City,' is developing a new reality dating show titled 'Is There Still Sex in the City?'",https://ew.com/sex-and-the-city-inspired-reality-dating-show-candace-bushnell-8408310,https://ew.com/thmb/-ufqrX0W70Lu-NNv7FSaoSvCMUk=/1500x0/filters:no_upscale():max_bytes(150000):strip_icc()/Sarah-Jessica-Parker-sex-in-the-city-112923-743137754dcd48ac8f596925cba35734.jpg,2023-11-29T23:53:20Z,"And just like that a new Sex and the City-inspired reality series is in the works.
Candace Bushnell, the author of the book that served as the basis for the hit HBO show, is working with Bunim/Murra… [+2063 chars]",entertainment-weekly,Entertainment Weekly
Shania Russell,Frances Sternhagen dead: The Sex and the City actress was 93,"Frances Sternhagen, the two-time Tony Award winner and 'Sex and the City' actress dies on Monday, Nov. 27. She was 93.",https://ew.com/frances-sternhagen-dead-tony-winner-sex-and-the-city-actress-93-8408118,https://ew.com/thmb/N_1YeFE-EDqVk0H19DbkdsK3ABI=/1500x0/filters:no_upscale():max_bytes(150000):strip_icc()/FrancesSternhagen11292301-d3f2b65e2cee4bd6ad79bc23cbb0cb5e.JPG,2023-11-29T20:42:10Z,"Frances Sternhagen, the two-time Tony Award winner known for roles in hit TV shows including Sex and the City, has died at age 93.
Her son, John Carlin, confirmed the news on Wednesday with a touchi… [+3072 chars]",entertainment-weekly,Entertainment Weekly
Shania Russell,Shannen Doherty reveals cancer has spread to her bones,"Shannen Doherty remains hopeful, despite her stage 4 breast cancer spreading to her bones: 'I'm not done with living. I’m not done with loving. I’m not done with creating.'",https://ew.com/shannen-doherty-reveals-cancer-spread-to-her-bones-8408002,https://ew.com/thmb/5UrgETdE92ODQ4PJ_MzJsXaUrFg=/1500x0/filters:no_upscale():max_bytes(150000):strip_icc()/Shannen-Doherty-01-060723-8e6f1b7576ff4a6c9113f135e5a76f29.jpg,2023-11-29T18:46:05Z,"Shannen Doherty wont let cancer stop her from living life on her own terms.
The Beverly Hills, 90210 star recently revealed that although her stage 4 breast cancer has spread to her bones, she is de… [+2395 chars]",entertainment-weekly,Entertainment Weekly
Lauren Huff,Rita Moreno combats loneliness by making supermarket friends,"Rita Moreno is sharing how she realized she was lonely in her 90s, and how she did something about it by making random friends at the grocery store.",https://ew.com/rita-moreno-combats-loneliness-by-making-supermarket-friends-8407742,https://ew.com/thmb/XVXm4asrEYedakmuFeGFHGNjXIw=/1500x0/filters:no_upscale():max_bytes(150000):strip_icc()/Rita-Moreno-red-carpet-tout-112823-8f507431b05447cd85d63b9e50cff57b.jpg,2023-11-29T01:46:26Z,"Rita Moreno doesn't want to be all by herself, at least not all the time.
The EGOT-winning actress and singer recently spoke with PEOPLE about realizing in her 90s that she was lonely and the surpri… [+2068 chars]",entertainment-weekly,Entertainment Weekly
Lester Fabian Brathwaite,Beyoncé's mom responds to critics saying her daughter wants to be white,Beyoncé's mom responds to 'bozos' saying her daughter wants to be white for wearing platinum hair: 'I know that she is going to be pissed at me for doing this.',https://ew.com/beyonce-mom-calls-out-bozos-racist-comments-wants-to-be-white-platinum-hair-8407727,https://ew.com/thmb/jA6m_esrWWRJI65MbM5jSuO0P8Q=/1500x0/filters:no_upscale():max_bytes(150000):strip_icc()/BEYONCE_PREMIERE_112823-tout-b34f0a50192a4137aa530b28a0089ddc.jpg,2023-11-29T00:48:58Z,"Tina Knowles Lawson is fed up.
The mother of Solange and Beyoncé went into Pissed Off Mom Mode on Instagram after seeing posts attacking her eldest daughter and her latest slay, a platinum wave casc… [+2069 chars]",entertainment-weekly,Entertainment Weekly
Shania Russell,Keith Morrison breaks silence on stepson Matthew Perry's death,"One month after Matthew Perry's untimely death, his stepfather Keith Morrison is encouraging fans to donate to the late actor's foundation: 'Do what you can, he would have been grateful.'",https://ew.com/keith-morrison-breaks-silence-stepson-matthew-perry-death-8407490,https://ew.com/thmb/R_sLT7fTE2WPA7on0n6BSq2rCfU=/1500x0/filters:no_upscale():max_bytes(150000):strip_icc()/Matthew-Perry-Keith-Morrison-112823-0e49ea4dd69e4a91914306648701b750.jpg,2023-11-28T20:53:20Z,"Keith Morrison is remembering his late stepson Matthew Perry with a call to action for Giving Tuesday.
A month after the Friends star's untimely death at 54, Morrison broke his silence on the loss b… [+2267 chars]",entertainment-weekly,Entertainment Weekly
Lauren Huff,Debi Mazar joins friend Madonna on stage at Celebration Tour,Madonna's longtime friend Debi Mazar joined the iconic pop star on stage during her Italy concert: 'It was like old times!!',https://ew.com/debi-mazar-joins-madonna-on-stage-8407200,https://ew.com/thmb/gQ5ybxf1en0nnz1Zk9UxARY9wQs=/1500x0/filters:no_upscale():max_bytes(150000):strip_icc()/Debi-Mazar-and-Madonna-112723-ccfe10a57229483987380b04515041b0.jpg,2023-11-28T01:15:18Z,"Debi Mazar is getting to take a bow after joining her longtime friend Madonna on stage at the Queen of Pop's Celebration Tour stop in Milan over the weekend.
Mazar paid homage to the experience and … [+1667 chars]",entertainment-weekly,Entertainment Weekly
Wesley Stenzel,Jada Pinkett Smith says she and Will Smith will be 'together forever',Jada Pinkett Smith says that she and Will Smith are 'staying together forever' following their 2016 separation.,https://ew.com/jada-pinkett-smith-will-smith-will-be-together-forever-8407198,https://ew.com/thmb/YsoNQYo2XOXZaev2VurCco0VdiE=/1500x0/filters:no_upscale():max_bytes(150000):strip_icc()/jada-pinkett-smith-will-smith-101623-3-89c5962ca2344ab9a51b64d011e1f183.jpg,2023-11-28T00:32:43Z,"Jada Pinkett Smith and Will Smith are in it for the long haul.
In a preview clip from an with Drew Barrymore on The Drew Barrymore Show set to air Tuesday, the actress, who is promoting her memoir W… [+2087 chars]",entertainment-weekly,Entertainment Weekly
Dustin Nelson,Ozzy Osbourne shocked to outlive his drinking buddies,"Reflecting on his life in a new interview, Ozzy Osbourne says he is shocked to outlive his drinking partners. He also says he'd like to play at least one more show.",https://ew.com/ozzy-osbourne-shocked-outlive-drinking-partners-last-man-standing-8406991,https://ew.com/thmb/18HBpUHzTnI7nTGCRxP_1oJxtxE=/1500x0/filters:no_upscale():max_bytes(150000):strip_icc()/Ozzy-Osbourne-112723-33b4f0b1a763411fb6b9a1a41ed570b1.jpg,2023-11-27T20:23:58Z,"Ozzy Osbourne is as surprised as anyone that he, once known for living awfully hard, has outlasted so many of his contemporaries. 
Ive been doing a lot of reflection while Ive been laid up, and all … [+2490 chars]",entertainment-weekly,Entertainment Weekly
Joey Nolfi,Whoopi Goldberg slams Dolly Parton critics over Cowboys outfit,Whoopi Goldberg slammed Dolly Parton's critics on 'The View' after she was scrutinized for wearing a revealing Dallas Cowboys cheerleader outfit during her 2023 NFL halftime show performance.,https://ew.com/whoppi-goldberg-slams-dolly-parton-critics-8406836,https://ew.com/thmb/MkQhcjrc2S0baoi1aIFv_mVw310=/1500x0/filters:no_upscale():max_bytes(150000):strip_icc()/The-View-Dolly-Parton-112723-29387796dbb241408d0c5b4cdbbcfce0.jpg,2023-11-27T17:28:45Z,"Whoopi Goldberg has (once again) had it.
The View returned Monday from its Thanksgiving break and Goldberg came to the Hot Topics table primed and ready to hit back at detractors who spoke out again… [+2405 chars]",entertainment-weekly,Entertainment Weekly
Shania Russell,Taylor Swift’s Eras Tour movie is coming to streaming,The mastermind strikes again! 'Taylor Swift: The Eras Tour' concert film is coming to streaming on a very special day: Dec. 13.,https://ew.com/taylor-swift-eras-tour-movie-coming-streaming-8406755,https://ew.com/thmb/byATf4zno5GDvBhrmMutWY1KBTw=/1500x0/filters:no_upscale():max_bytes(150000):strip_icc()/taylor-swift-eras-tour-112723-1-d97e75ec59a147019ac33ce820c4c379.jpg,2023-11-27T15:37:35Z,"In typical mastermind fashion, Taylor Swift is celebrating her birthday with a gift for her fans. 
The pop sensation announced on Monday that her Taylor Swift: The Eras Tour concert film will be ava… [+2214 chars]",entertainment-weekly,Entertainment Weekly
Joey Nolfi,"Disneyland guest strips naked, runs through It's a Small World ride",It's a Small World riders got an eyeful after a Disneyland guest stripped naked and ran through the classic boat ride.,https://ew.com/disneyland-small-world-naked-rider-8406696,https://ew.com/thmb/kR6wu09ApAbWgh6e9m2kRdZPbAU=/1500x0/filters:no_upscale():max_bytes(150000):strip_icc()/Its-a-Small-World-111422_2-53ac1e42596f4a37b4392d11177ac177.jpg,2023-11-27T13:38:52Z,Disneyland's It's a Small World boat ride was a world of laughter before it was a world of (figurative) tears after a park guest at the California resort stripped naked outside of the classic attract… [+3576 chars],entertainment-weekly,Entertainment Weekly
Lester Fabian Brathwaite,'Napoleon' debuts ahead of expectations but behind 'Hunger Games','Napoleon' debuts ahead of expectations but behind 'Hunger Games: The Ballad of Songbirds & Snakes' as 'Wish' disappoints in 3rd place,https://ew.com/napoleon-debuts-behind-hunger-games-thanksgiving-box-office-8406686,https://ew.com/thmb/WUO2vhA3qtpSsKgWvK4kz4ENtJc=/1500x0/filters:no_upscale():max_bytes(150000):strip_icc()/Napoleon-112623-20dc26ae2d6f42439fc4da68110e9d2e.jpg,2023-11-27T00:08:07Z,"The Thanksgiving weekend is usually a savory time for the box office, and even though this one wasn't quite as juicy as in the past, The Hunger Games: The Ballad of Songbirds and Snakes was the clear… [+1702 chars]",entertainment-weekly,Entertainment Weekly
Shania Russell,Twilight director reveals who she would cast in reboot,'Twilight' director Catherine Hardwicke says Jenna Ortega and Jacob Elordi would be the 'perfect' Bella and Edward in a reboot.,https://ew.com/twilight-director-reveals-would-cast-jenna-ortega-jacob-elordi-reboot-bella-edward-8406683,https://ew.com/thmb/btst-jdHXg6fUMzNRK5Q8x9D2R8=/1500x0/filters:no_upscale():max_bytes(150000):strip_icc()/Jenna-Ortega-Jacob-Elordi-1-b3eb6ce8e6624332808967262aef928f.jpg,2023-11-26T23:42:08Z,"Catherine Hardwicke has an answer to the question that's been on every Twi-hards mind lately: who should play the lion and the lamb in a Twilightreboot?
Fifteen years after introducing moviegoers to… [+2806 chars]",entertainment-weekly,Entertainment Weekly
Shania Russell,Willem Dafoe reveals his ghostly role in Beetlejuice 2,Willem Dafoe reveals his ghostly role in Beetlejuice 2ew.com,https://ew.com/willem-dafoe-reveals-beetlejuice-2-role-8406672,https://ew.com/thmb/YdKGlfXQBoqaIVT7cFnVQgpee9o=/1500x0/filters:no_upscale():max_bytes(150000):strip_icc()/Willem-Dafoe-and-Micheal-Keaton-112623-d71c0ed56d28435389ebf40fcf9a303e.jpg,2023-11-26T20:54:03Z,"Netherworld beware Willem Dafoe is joining Michael Keaton in the Land of the Dead.
As previously announced, both actors are set to appear in Tim Burtons long-awaited sequel to the 80s classic, Beetl… [+2194 chars]",entertainment-weekly,Entertainment Weekly
Lester Fabian Brathwaite,"Marty Krofft, 'King of Saturday Mornings,' dies at 86","Marty Krofft, who created '70s children's TV like 'H.R. Pufnstuf' and 'Land of the Lost' with his brother Sid, has died at age 86.",https://ew.com/marty-krofft-dead-h-r-pufnstuf-the-banana-splits-co-creator-86-8406652,https://ew.com/thmb/YE3QJ8BsIsNqW5PGHSuLspYw1ro=/1500x0/filters:no_upscale():max_bytes(150000):strip_icc()/Marty-Krofft-112623-8293739aab3b42c4b7617867ae99184c.jpg,2023-11-26T18:58:55Z,"Marty Krofft, who with his brother Sid helped revolutionize children's programming in the 1970s, earning him the nickname ""King of Saturday Mornings,"" has died. According to his family, Krofft died i… [+2437 chars]",entertainment-weekly,Entertainment Weekly
Wesley Stenzel,Missing Irish filmmaker Ross McDonnell confirmed dead by family,The family of Irish director and cinematographer Ross McDonnell has confirmed that the Emmy winner is dead after going missing in New York.,https://ew.com/missing-irish-filmmaker-ross-mcdonnell-dead-8405757,https://ew.com/thmb/DVKauhEXP-TYpwGEsd8CKe8wuwg=/1500x0/filters:no_upscale():max_bytes(150000):strip_icc()/Ross-McDonnell-112123-9a07a28c1c874a509cb3e2de55c02759.jpg,2023-11-25T22:30:19Z,"The family of Irish director and cinematographer Ross McDonnell confirmed that the Emmy winner has died after he was reported missing in New York City earlier this month. He was 44.
An obituary for … [+1740 chars]",entertainment-weekly,Entertainment Weekly
https://www.facebook.com/entertainmentweekly,Why Daryl Hall is suing John Oates,"Daryl Hall is suing his collaborator John Oates to stop him from selling his shares in their joint venture, which he claims violates their business agreement.",https://ew.com/daryl-hall-suing-john-oates-stop-selling-joint-venture-shares-8406597,https://ew.com/thmb/xmgyYjl61cwOHQnZDAKY-fOKQws=/1500x0/filters:no_upscale():max_bytes(150000):strip_icc()/hall--oates-legal-battle-112523-af9b4fe3cfaa4ebbb1b54adda997e038.jpg,2023-11-25T20:08:36Z,"Days after the news that Daryl Hall had filed a temporary restraining order against his longtime music partner John Oates, more information about the duos legal battle has come to light.
Filings mad… [+2665 chars]",entertainment-weekly,Entertainment Weekly
Devan Coggan,'Ahsoka' creator praises Hayden Christensen’s lightsaber skills,'Ahsoka' creator Dave Filoni explains how and why he resurrected Hayden Christensen's Anakin Skywalker for the Disney+ series — and how the actor still has his Jedi lightsaber skills.,https://ew.com/ahsoka-dave-filoni-hayden-christensen-lightsaber-skills-8406317,https://ew.com/thmb/RgI7P7Wa4hTL1lomGw6IhoS6Osc=/1500x0/filters:no_upscale():max_bytes(150000):strip_icc()/Hayden-Christensen-Ahsoka-091823-8950bb71cae84a829d315dffd0126b4b.jpg,2023-11-23T18:00:00Z,"Its been more than 20 years since Hayden Christensen made his debut as Anakin Skywalker, first picking up a lightsaber in 2002s Attack of the Clones. But when the 42-year-old actor showed up to repri… [+4440 chars]",entertainment-weekly,Entertainment Weekly
Joey Nolfi,Cher's Macy's Thanksgiving Day Parade performance interrupted by glitch,Cher's Macy's Thanksgiving Day Parade performance was briefly interrupted by a Christmas-colored visual glitch.,https://ew.com/cher-macys-thanksgiving-day-parade-performance-glitch-8406396,https://ew.com/thmb/fXJOxawoBFDROEWHqOJxi91IUjM=/1500x0/filters:no_upscale():max_bytes(150000):strip_icc()/cher-thanksgiving-parade-glitch-112323-38ddfb4210b74422aba9ab6ea313bf58.jpg,2023-11-23T17:49:54Z,"A holiday spirit of unknown origin attempted (ever so briefly) to mess with budding Queen of Christmas titleholder Cher's live performance at the Macy's Thanksgiving Day Parade, begging the question:… [+1454 chars]",entertainment-weekly,Entertainment Weekly
Joey Nolfi,"Beyonce makes surprise appearance during Thanksgiving Day parade, previews new 'Renaissance' film",Beyoncé made a surprise appearance during the Macy's Thanksgiving Day Parade broadcast to tease a new preview of her 'Renaissance' tour film.,https://ew.com/beyonce-macys-thanksgiving-day-parade-renaissance-tour-movie-trailer-8406391,https://ew.com/thmb/W3s3Hp8mSIuz2kdoAo4RRqK-UZ8=/1500x0/filters:no_upscale():max_bytes(150000):strip_icc()/beyonce-thanksgiving-message-112323-1-f313d39d1e5d42b7945e3029e4f46fc8.jpg,2023-11-23T17:19:45Z,"Every day is a holiday when Beyoncé is around, but this year we're extra thankful for the pop icon's surprise appearance during the 2023 Macy's Thanksgiving Day Parade.
The 42-year-old made a brief … [+1775 chars]",entertainment-weekly,Entertainment Weekly
Joey Nolfi,Whoopi Goldberg reacts to Thanksgiving turkey criticism over gloves,"Whoopi Goldberg shared her wild Thanksgiving turkey saga online, and hit back at criticism over cooking without gloves: 'We're not dirty mofos.'",https://ew.com/whoopi-goldberg-reacts-thanksgiving-turkey-criticism-8406368,https://ew.com/thmb/GQPmt777afAFAFTJZNMhDF6LcJU=/1500x0/filters:no_upscale():max_bytes(150000):strip_icc()/whoopi-goldberg-thanksgiving-turkey-112323-1-5dd986cf99ae4f19b9a56cf24b397015.jpg,2023-11-23T16:13:37Z,"Whoopi Goldberg is once again overseas in her Italian War Room, where the EGOT winner is spearheading a tasty offensive against fans who criticized her for daring to cook her Thanksgiving turkey with… [+3160 chars]",entertainment-weekly,Entertainment Weekly
Emlyn Travis,Sean Penn praises Matthew Perry for speaking out about addiction battle,Sean Penn is praising late actor Matthew Perry for speaking out about his struggles with addiction before his death: ''Very intelligent and bold'',https://ew.com/sean-penn-praises-matthew-perry-speaking-out-addiction-battle-8406268,https://ew.com/thmb/G6d0I-28HAxrlg3JCisHxptjuGA=/1500x0/filters:no_upscale():max_bytes(150000):strip_icc()/Sean-Penn-Matthew-Perry-112223-116788d7ab8242e3bc00261b7a06780d.jpg,2023-11-22T22:36:46Z,"Sean Penn is saluting late Friends star Matthew Perry for speaking out about his struggles with drug and alcohol addiction prior to his death.
The actor and director, who starred on two episodes of … [+1971 chars]",entertainment-weekly,Entertainment Weekly
Christian Holub,Daryl Hall filed a restraining order against John Oates,Now it's Hall vs. Oates: The two musicians are now involved in a legal battle in Nashville court.,https://ew.com/daryl-hall-filed-restraining-order-john-oates-8406066,https://ew.com/thmb/WDSIY87BffCSShyyq0ZBe19Ck1I=/1500x0/filters:no_upscale():max_bytes(150000):strip_icc()/Daryl-Hall-John-Oates-112223-a57cb67aa3704c8bbc42f7e4f9ab1d34.jpg,2023-11-22T17:34:54Z,"Daryl Hall can't go for that. The musician filed a lawsuit against his former collaborator John Oates in Nashville Chancery Court last week, according to court documents viewed by EW.
No additional … [+1996 chars]",entertainment-weekly,Entertainment Weekly
Clark Collis,Melissa Barrera dropped from 'Scream 7' after posts about Israel-Hamas war,Franchise star Melissa Barrera has been dropped from 'Scream VII' in the wake of a series of posts about the Israel-Hamas war.,https://ew.com/melissa-barrera-dropped-from-scream-7-8405820,https://ew.com/thmb/QLbSwk6tW6OLv__E47IB2oFmf5U=/1500x0/filters:no_upscale():max_bytes(150000):strip_icc()/Melissa-Barrera-112123-c22a8bcaf740442681003ae58d398cb3.jpg,2023-11-22T01:09:12Z,"Melissa Barrera, one of the stars of the fifth and sixth Scream movies, will no longer appear in the seventh installment of the slasher franchise.
The actress has been dropped from Scream VII in the… [+2356 chars]",entertainment-weekly,Entertainment Weekly
Emlyn Travis,'The View' hosts see red flags in Travis Kelce's Taylor Swift interview,"'The View' hosts discussed the 'red flags' they saw in Travis Kelce's recent interview about dating Taylor Swift, and called the NFL star a 'palate cleanser' for the singer: 'What is he hiding?'",https://ew.com/the-view-hosts-see-red-flags-travis-kelce-taylor-swift-romance-8405654,https://ew.com/thmb/VA76B2awhC2M9-vg_UATCJRfau0=/1500x0/filters:no_upscale():max_bytes(150000):strip_icc()/Sunny-Hostin-Travis-Kelce-and-Taylor-Swift-112123-d90a35d995834fac83e5347f8b60833f.jpg,2023-11-21T22:12:14Z,"The ladies of The View still arent convinced that Taylor Swift and Travis Kelces relationship will make it to the end zone.
On Tuesday's episode of the daytime talk show, the cohosts called out seve… [+3601 chars]",entertainment-weekly,Entertainment Weekly
Joey Nolfi,'Drag Race Germany' winner Pandora Nox is series first cis woman to win,'Drag Race Germany' winner Pandora Nox is series first cis woman to winew.com,https://ew.com/drag-race-germany-winner-pandora-nox-first-cis-woman-winner-8405713,https://ew.com/thmb/zjm39B2ChfwTPrPywrRoK0jY5Ls=/1500x0/filters:no_upscale():max_bytes(150000):strip_icc()/Drag-Race-Germany-Pandora-Nox-112123-1-8f2694b9f70240979ba518af867084fa.jpg,2023-11-21T21:50:26Z,"The global RuPaul's Drag Race franchise just made history and her-story by crowning its first-ever cis woman winner.
Drag Race Germany season 1 ended Tuesday with the coronation of Pandora Nox as it… [+1967 chars]",entertainment-weekly,Entertainment Weekly
Dustin Nelson,Kristen Stewart 'crashed' Robert Pattinson's birthday party,"Kristen Stewart and director Catherine Hardwicke ""crashed"" Robert Pattinson's birthday for an impromptu ""Twilight"" reunion.",https://ew.com/kristen-stewart-crashed-robert-pattinson-birthday-party-for-an-impromptu-twilight-reunion-8405575,https://ew.com/thmb/qvopBuHjaJI97a3oertIjeTlou0=/1500x0/filters:no_upscale():max_bytes(150000):strip_icc()/Kristen-Stewart-Robert-Pattinson-112123-45b0f615427f44aaae35ff244e6c8a32.jpg,2023-11-21T19:50:02Z,"Apparently, no one throws a Twilight-themed birthday party like Robert Pattinson, even if it was unintentional.
The actor had his 37th birthday in May, and the party was ""crashed"" by director Cather… [+1876 chars]",entertainment-weekly,Entertainment Weekly
Emlyn Travis,Sarah Paulson remembers Studio 60 costar Matthew Perry,Sarah Paulson honored late 'Studio 60 on the Sunset Strip' costar Matthew Perry on 'The View' and revealed he helped with her audition: 'One of the most generous people on the planet.',https://ew.com/sarah-paulson-remembers-matthew-perry-generous-people-8405561,https://ew.com/thmb/nK0Sxn7XB48I6hyLxYWYRstSQqA=/1500x0/filters:no_upscale():max_bytes(150000):strip_icc()/Sarah-Paulson-and-Matthew-Perry-Studio-60-on-the-Sunset-Strip-112123-a0b9a5ec4d4f4cd1bc79739d7c899202.jpg,2023-11-21T19:34:30Z,"Sarah Paulson is paying tribute to her late Studio 60 on the Sunset Strip costar, Matthew Perry.
While visiting The View on Tuesday, the actress recalled how Perry went above and beyond in order to … [+1800 chars]",entertainment-weekly,Entertainment Weekly
Jessica Wang,See Eddie Murphy as Axel Foley in Beverly Hills Cop 4 first look,Eddie Murphy's Axel Foley is back on the case in Netflix's first look at 'Beverly Hills Cop 4.',https://ew.com/eddie-murphy-axel-foley-beverly-hills-cop-4-first-look-8405497,https://ew.com/thmb/0M_7Kr_QoCkBSwUim6G3JKkaxvU=/1500x0/filters:no_upscale():max_bytes(150000):strip_icc()/Beverly-Hills-Cop-Eddie-Murphy-112123-1-c94636701a844c1c965aa9a2248f81a7.jpg,2023-11-21T18:54:21Z,"Axel Foley is back on the case!
Netflix shared a first look at Eddie Murphy's policeman in the upcoming Beverly Hills Cop 4. Axel is in his signature Detroit Lions jacket and has both hands up in th… [+1516 chars]",entertainment-weekly,Entertainment Weekly
Lauren Huff,Candace Cameron Bure's daughter Natasha stars in new Christmas movie,"Candace Cameron Bure's daughter Natasha is joining her mother in the family tradition of starring in Christmas movies with her newest, 'A Christmas for the Ages.' See an exclusive first look at the trailer.",https://ew.com/candace-cameron-bure-daughter-natasha-bure-christmas-movie-8404434,https://ew.com/thmb/egXIoIW1SosPLzYLM1w9h5S3UDg=/1500x0/filters:no_upscale():max_bytes(150000):strip_icc()/A-Christmas-for-the-Ages-111723-430dd9eb5e354082b8deeb2b725973d1.jpg,2023-11-21T14:00:00Z,"'Tis the season to headline your first Christmas movie.
Natasha Bure, daughter of Full House and perennial Christmas movie star Candace Cameron Bure, is starring in A Christmas for the Ages, and EW … [+1826 chars]",entertainment-weekly,Entertainment Weekly
Nick Romano,Nicholas Hoult to play Lex Luthor in 'Superman: Legacy',The 'Superman: Legacy' cast expands with Nicholas Hoult as Lex Luthor opposite David Corenswet's Man of Steel and Rachel Brosnahan's Lois Lane.,https://ew.com/nicholas-hoult-lex-luthor-superman-legacy-8405184,https://ew.com/thmb/uheUrXQceYu1hYyWWM_fygVsp3I=/1500x0/filters:no_upscale():max_bytes(150000):strip_icc()/Nicholas-Hoult-and-Lex-Luthor-112023-ef45e3fe5ff34a5e81560226bffd33e2.jpg,2023-11-21T00:50:59Z,"There's a new Lex Luthor in town. Nicholas Hoult is in talks to star as the classic DC Comics villain in James Gunn's Superman: Legacy, EW has confirmed.
He joins the previously announced David Core… [+2583 chars]",entertainment-weekly,Entertainment Weekly
Wesley Stenzel,New Jason Bourne movie in the works with director Edward Berger,"Jason Bourne could be headed back to the big screen: A sixth installment of the 'Bourne' movie franchise is in the works at Universal, with 'All Quiet on the Western Front' filmmaker Edward Berger in talks to direct.",https://ew.com/new-bourne-movie-in-development-edward-berger-8405162,https://ew.com/thmb/P7bZDH1g1H0exQyIR5L3kBcvsJk=/1500x0/filters:no_upscale():max_bytes(150000):strip_icc()/Edward-Berger-Jason-Bourne-112023-b6341ab3981f43ecac776bbd7f647e2b.jpg,2023-11-20T23:46:27Z,"Jason Bourne could be headed back to the big screen.
Universal Pictures is in the early stages of developing a new installment of the Bourne movie franchise, with All Quiet on the Western Front film… [+2315 chars]",entertainment-weekly,Entertainment Weekly
Wesley Stenzel,Adam Sandler says Roseanne Barr almost sang ‘Chanukah Song’ on 'SNL',"Adam Sandler says that Roseanne Barr almost performed the 'Chanukah Song' on 'Saturday Night Live,' as she was the host of the show the week that Sandler wrote the iconic tune.",https://ew.com/adam-sandler-roseanne-barr-almost-sang-chanukah-song-snl-8405091,https://ew.com/thmb/79P4-vaBFVqXkUgsy3ffG9S25aA=/1500x0/filters:no_upscale():max_bytes(150000):strip_icc()/Adam-Sandler-SNL-112023-e6096501c0794fe48dcf7cad96190be1.jpg,2023-11-20T22:23:23Z,"Adam Sandler is the undisputed king of Hanukkah in American pop culture, thanks largely to his unforgettable ""Chanukah Song"" from Saturday Night Live. But the Uncut Gems star has revealed that he alm… [+1660 chars]",entertainment-weekly,Entertainment Weekly
Jessica Wang,'Blue Bloods' starring Tom Selleck to end with season 14,"'Blue Bloods,' the drama about a family of police officers starring Tom Selleck, Donnie Wahlberg, Bridget Moynahan, and Will Estes, is ending with upcoming season 14, which will be split into two parts.",https://ew.com/blue-bloods-ending-with-season-14-8404897,https://ew.com/thmb/UaI4e0rlTNcCdesRK7XHk9oUKkA=/1500x0/filters:no_upscale():max_bytes(150000):strip_icc()/BLUE-BLOODS-112023-52043ecfe06a477cb15a860de6b9ee96.jpg,2023-11-20T19:19:02Z,"It's time to say goodbye to the Reagans.
Blue Bloods will end with its upcoming season 14, which will be split into two parts. The final season returns Friday, Feb. 16 on CBS and will conclude in th… [+1784 chars]",entertainment-weekly,Entertainment Weekly
Joey Nolfi,Disney parks boss previews Indiana Jones replacement for Dinosaur ride,Disney parks boss addresses potential 'Indiana Jones' replacement for Dinosaur ride at Animal Kingdom and other big moves: 'We know what our fans expect of us and we're going all in.',https://ew.com/disney-animal-kingdom-indiana-jones-ride-8404528,https://ew.com/thmb/O1qnn1eURX_ph4IlsGXw7uvjVA0=/1500x0/filters:no_upscale():max_bytes(150000):strip_icc()/Dinosaur-at-Disney-Animal-Kingdom-111923-a07e89137645417a9a396ea4b7b520c7.jpg,2023-11-20T18:13:31Z,"Unlike the villains in Raiders of the Lost Ark, Disney parks fans looking for clues about Animal Kingdom's next attraction within the lore of the Indiana Jones films are digging in the right place.
… [+3005 chars]",entertainment-weekly,Entertainment Weekly
Jessica Wang,Travis Kelce shares how Taylor Swift romance began,"Travis Kelce shared details about how his love story with Taylor Swift began, revealing he had some help from her family members.",https://ew.com/travis-kelce-shares-taylor-swift-romance-8404761,https://ew.com/thmb/tfAOyM6UCyhXHsxi3GE87UBPlTI=/1500x0/filters:no_upscale():max_bytes(150000):strip_icc()/Taylor-Swift-Travis-Kelce-111223-2000-10dae2ed2c964e3aadff0278bbda9c62.jpg,2023-11-20T17:43:32Z,"Travis Kelce is sharing details about his love story with Taylor Swift.
The football player and squirrel whisperer revealed that he was able to successfully woo the pop star because he had several p… [+2179 chars]",entertainment-weekly,Entertainment Weekly
Lester Fabian Brathwaite,How 'The Color Purple' star Fantastia Barrino injected new life into film,"Fantasia Barrino and director Blitz Bazawule discuss their trepidation to touch 'The Color Purple' again, and what ultimately persuaded them.",https://ew.com/the-color-purple-fantasia-barrino-injected-new-life-into-movie-musical-8403858,https://ew.com/thmb/zx5DI6CLr2Tq1jV0-ovXe4vXj7Y=/1500x0/filters:no_upscale():max_bytes(150000):strip_icc()/The-Color-Purple-Tout-Frame-EW-HMP-2023-e7ee3a9e1ef14810a315b278b19694d4.jpg,2023-11-20T15:05:13Z,"Youd be forgiven if your initial thought upon hearing about the new version of The Color Purple is why? After all, thats how director Blitz Bazawule and star Fantasia Barrino felt about it. 
This fi… [+8805 chars]",entertainment-weekly,Entertainment Weekly
Lester Fabian Brathwaite,"Suki Waterhouse, Robert Pattinson expecting first child together","Suki Waterhouse revealed she's expecting first child with partner, Robert Pattinson.",https://ew.com/suki-waterhouse-robert-pattinson-expecting-first-child-together-8404595,https://ew.com/thmb/8Zu4NhovwDcPpGp9sGr5LKsFgZ8=/1500x0/filters:no_upscale():max_bytes(150000):strip_icc()/Robert-Pattinson-and-Suki-Waterhouse--111923-7359e23fa47b4cb482376c15e66449a1.jpg,2023-11-20T02:54:06Z,"Suki Waterhouse dropped a baby bombshell while onstage at the Corona Capital Festival in Mexico.
On Sunday, the singer and model revealed a sparkly baby bump, alluding to her first child with partne… [+1102 chars]",entertainment-weekly,Entertainment Weekly
Shania Russell,Ballad of Songbirds and Snakes tops box office while The Marvels drops,"'The Hunger Games: The Ballad of Songbirds and Snakes' tops the weekend box office with $44 million in North America, and $98.5 million worldwide — still the smallest opening of the franchise.",https://ew.com/ballad-of-songbirds-and-snakes-debuts-box-office-no-1-8404557,https://ew.com/thmb/CZRWIQNt9xuk9Z0oYRfqSatnCBY=/1500x0/filters:no_upscale():max_bytes(150000):strip_icc()/TheHungerGamesTheBalladofSongbirdsandSnakes11172301-0644d4fd33134c17ad85815b234cb58b.JPG,2023-11-19T22:32:55Z,"The 10th annual Hunger Games have begun, and moviegoers are tentatively tuning in to meet Rachel Zeglers tribute, Lucy Gray Baird.
The Hunger Games: The Ballad of Songbirds and Snakes debuted to No.… [+2852 chars]",entertainment-weekly,Entertainment Weekly
Shania Russell,Suzanne Shepherd dead: 'The Sopranos' and 'Goodfellas' actress was 89,"Suzanne Shepherd, the actress who mothered iconic mob wives in 'Goodfellas' and 'The Sopranos,' has died at 89.",https://ew.com/suzanne-shepherd-dead-goodfellas-the-sopranos-actress-8404546,https://ew.com/thmb/tzTzQhF59AbtHVQh3lQY0A-m5BI=/1500x0/filters:no_upscale():max_bytes(150000):strip_icc()/_Suzanne-Shepherd-111923-02-dcf4979743ac49b18785522eba1a753e.jpg,2023-11-19T19:14:56Z,"Suzanne Shepherd, the actress who mothered iconic mob wives in Goodfellas and The Sopranos, has died. She was 89.
A representative for the actress confirmed the news to EW that Shepherd passed away … [+1686 chars]",entertainment-weekly,Entertainment Weekly
Jillian Sederholm,Colin Jost holds up sign for Dana Carvey on 'SNL',"At the end of 'SNL,' Colin Jost held up a sign that read, 'We love you Dana and Paula,' after former cast member Dana Carvey and wife Paula Zwagerman's eldest son, Dex Carvey, died earlier this week.",https://ew.com/saturday-night-live-colin-jost-tribute-dana-carvey-end-of-snl-8404511,https://ew.com/thmb/m5dpRkRb4oqAF7NuCEGfIjeRSEc=/1500x0/filters:no_upscale():max_bytes(150000):strip_icc()/ColinJostholdingsignforDanaCarveySNL-eb853b2ea3a8475c9bf4a45340070ff8.png,2023-11-19T07:17:12Z,"Saturday Night Live is showing love to one of its own amid a family tragedy.
As host Jason Momoa said his goodnights at the end of Saturday's episode, ""Weekend Update"" co-anchor Colin Jost could be … [+2354 chars]",entertainment-weekly,Entertainment Weekly
Emlyn Travis,Joy Behar defends Pride-themed nutcracker against Fox,Joy Behar called out Fox News' Jesse Watters for criticizing Target's Pride-themed nutcracker: He can 'put his nut in there and squeeze it.',https://ew.com/joy-behar-defends-pride-themed-nutcracker-against-fox-news-8404102,https://ew.com/thmb/vconC5hvGZiN4uXYi3MIZWYv_ZQ=/1500x0/filters:no_upscale():max_bytes(150000):strip_icc()/The-View-111723-1-81a26b9adb714b8da0b75462ac978d5c.jpg,2023-11-17T19:53:36Z,"Joy Behar is calling out Fox News host Jesse Watters and his dirty mind after he criticized Targets new line of inclusive holiday decorations that features a Pride-themed nutcracker. 
During Fridays… [+3135 chars]",entertainment-weekly,Entertainment Weekly
Jillian Sederholm,Dana Carvey's son Dex dies at 32 from drug overdose,"'SNL' star Dana Carvey announced that his eldest son, Dex Carvey, has died at 32 from an accidental drug overdose: 'We will miss him forever.'",https://ew.com/dana-carvey-son-dex-dies-at-32-from-accidental-drug-overdose-8403861,https://ew.com/thmb/kkQKAOtaiLvVhdMseOlMg4IaVtk=/1500x0/filters:no_upscale():max_bytes(150000):strip_icc()/Dana-Carvey-and-son-Dex-tout-111623-f7c3904b0c0448e2b2011c403037363f.jpg,2023-11-17T00:07:26Z,"FormerSaturday Night Live star Dana Carvey shared on Thursday that his eldest son, Dex Carvey, died at 32 from an accidental drug overdose on Wednesday night.
""Last night we suffered a terrible trag… [+2136 chars]",entertainment-weekly,Entertainment Weekly
Samantha Highfill,'Grey's Anatomy' season 20 gets March premiere date,"ABC has released its 2024 midseason premiere dates. Here's when 'Grey's Anatomy,' 'The Bachelor,' 'Abbott Elementary,' 'The Good Doctor,' and more are coming back.",https://ew.com/abc-2024-tv-premiere-dates-greys-anatomy-season-20-8403832,https://ew.com/thmb/oOQOIVTBb4pfgPflhBZ458FATe4=/1500x0/filters:no_upscale():max_bytes(150000):strip_icc()/Chandra-Wilson-greys-anatomy-111623-2-856fbb01245841bdbdeeb501391fa9cf.jpg,2023-11-16T22:36:09Z,"Grey Sloan Memorial Hospital is almost back up and running.
ABC released its 2024 midseason premiere dates, which feature the return of reality giant The Bachelor, comedy gem Abbott Elementary, and … [+1015 chars]",entertainment-weekly,Entertainment Weekly
Shania Russell,Snoop Dogg says he's 'giving up smoke',Notorious kush enthusiast Snoop Dogg seems to have announced that he is done smoking weed: 'I'm giving up smoke.',https://ew.com/snoop-dogg-says-he-is-giving-up-smoke-8403582,https://ew.com/thmb/F63ljPWP_M1FUEIJOwWsOSQjlLY=/1500x0/filters:no_upscale():max_bytes(150000):strip_icc()/Snoop-Dogg-091523-bb21922a458e439090e1d5eac70eecb8.jpg,2023-11-16T19:39:38Z,"Snoop Dogg may be done with the high life.
The notorious weed smoker shared a cryptic announcement on Thursday that he will officially stop inhaling. While he didnt clarify whether he was referring … [+1866 chars]",entertainment-weekly,Entertainment Weekly
Emlyn Travis,Joy Behar doesn’t want Taylor Swift stuck with ‘idiot’ Travis Kelce,'The View' host Joy Behar doesn't want Taylor Swift to be 'stuck with this idiot' Travis Kelce after several of his posts making disparaging comments about women resurfaced online: 'He’s illiterate.',https://ew.com/joy-behar-does-not-want-taylor-swift-stuck-with-idiot-travis-kelce-the-view-8403519,https://ew.com/thmb/GujPRh_epIf-OeDzFZ6ejoKQXgU=/1500x0/filters:no_upscale():max_bytes(150000):strip_icc()/The-View-Joy-Behar-Taylor-Swift-Travis-Kelce-111623-084a1b26f8084b62b77d9a1c3d366805.jpg,2023-11-16T19:12:34Z,Self-proclaimed Taylor Swift fan Joy Behar wants the singer to hop in her getaway car and leave her idiot boyfriend Travis Kelce behind after several of his old social media posts making disparaging … [+2634 chars],entertainment-weekly,Entertainment Weekly
Christian Holub,Rebel Moon's Zack Snyder unravels secrets of his universe,"Zack Snyder, producer Deborah Snyder, and their star Sofia Boutella delve inside the making of 'Rebel Moon' — and the cinematic universe it's about to spawn.",https://ew.com/rebel-moon-zack-snyder-cover-story-8402489,https://ew.com/thmb/-YpRU1Tk3LQxZqMpeqzwigG4qgs=/1500x0/filters:no_upscale():max_bytes(150000):strip_icc()/Rebel-Moon-HMP-111423-1-994a7f86f68e4a4ea05d8b2754b47db9.jpg,2023-11-16T17:00:11Z,"It takes a lot of work to build a universe. Take it from Zack Snyders whiteboard. 
The detailed index of dates and events, glimpsed briefly by EW during an hourlong Zoom interview with the filmmaker… [+18938 chars]",entertainment-weekly,Entertainment Weekly
Christian Holub,'Percy Jackson' trailer: Meet Lin-Manuel Miranda's Hermes in new show,"The new trailer for the upcoming series 'Percy Jackson and the Olympians' reveals Lin-Manuel Miranda's Hermes, the Minotaur, and the quest to find Zeus' missing lightning.",https://ew.com/percy-jackson-trailer-lin-manuel-miranda-hermes-8403371,https://ew.com/thmb/MJV_wTuk5fTGytaUnQgv3gdQ-fk=/1500x0/filters:no_upscale():max_bytes(150000):strip_icc()/Walker-Scobell-Percy-Jackson-and-The-Olympians-111623-f0599f7084754242a035f5ac29d0d9e4.jpg,2023-11-16T15:47:50Z,"What do you do when one of the most powerful weapons in existence goes missing? If you're the Greek gods of Olympus, the answer is simple: Have a bunch of kids go look for it.
The new trailer for Pe… [+1308 chars]",entertainment-weekly,Entertainment Weekly
Sydney Bucksbaum,"Donald Glover, Maya Erskine preview 'Mr. & Mrs. Smith' TV show","Co-creator/star Donald Glover, star Maya Erskine, and co-creator Francesca Sloane tell EW their Prime Video series 'Mr. & Mrs. Smith' isn’t trying to remake Brad Pitt and Angelina Jolie’s 2005 movie.",https://ew.com/donald-glover-maya-erskine-preview-mr-and-mrs-smith-tv-show-8402607,https://ew.com/thmb/HifbiXyQJaWkns48x5yBXeEaGZI=/1500x0/filters:no_upscale():max_bytes(150000):strip_icc()/Mr-and-Mrs-Smith-111523-01-c59e908c892b4b3d8ea1c12be690a175.jpg,2023-11-16T15:00:00Z,"Donald Glover hopes people hate his new version of Mr. and Mrs. Smith. Of course, he wants people to love it too, but any strong reaction, good or bad, would be preferable over viewers wondering why … [+8017 chars]",entertainment-weekly,Entertainment Weekly
Nick Romano,'Shadow and Bone' canceled after 2 seasons at Netflix,Netflix won't be returning to the Grishaverse: The streaming service has canceled 'Shadow and Bone' after two seasons and scrapped the planned 'Six of Crows' spinoff.,https://ew.com/shadow-and-bone-canceled-after-2-seasons-netflix-8402582,https://ew.com/thmb/ldxXPsL6eTOmqprGD2wRxGDnFUE=/1500x0/filters:no_upscale():max_bytes(150000):strip_icc()/Shadow-and-Bone_092622-744bb273eb534de68fbe892ab6a47ed6.jpg,2023-11-16T00:23:36Z,"Netflix won't be returning to the Grishaverse.
After two seasons of Shadow and Bone, and despite having finished scripts for a spinoff, the streaming service has decided not to continue with the fan… [+3101 chars]",entertainment-weekly,Entertainment Weekly
Lauren Huff,'Law & Order' star Jeffrey Donovan not returning for season 23,"Jeffrey Donovan, who played Detective Frank Cosgrove on 'Law & Order,' is not returning for season 23 due to creative reasons.",https://ew.com/law-and-order-star-jeffrey-donovan-not-returning-for-season-23-8402578,https://ew.com/thmb/N5EZtSjUsnX1MFzjK1rj-If7UTQ=/1500x0/filters:no_upscale():max_bytes(150000):strip_icc()/Jeffrey-Donovan-law-and-order-S22-111523-4be1228bce4d4e0382261bcdde74690b.jpg,2023-11-15T23:54:02Z,"Jeffrey Donovan is leaving the Law &amp; Order force.
The actor, who played Detective Frank Cosgrove on the crime procedural in seasons 21 and 22, will not be returning for the upcoming 23rd season … [+1440 chars]",entertainment-weekly,Entertainment Weekly
Devan Coggan,Pedro Pascal might be Reed Richards in Marvel’s 'Fantastic Four' movie,"Pedro Pascal is reportedly in talks to play Reed Richards, a.k.a. Mr. Fantastic, in Marvel's upcoming 'Fantastic Four' movie.",https://ew.com/pedro-pascal-reed-richards-fantastic-four-8402576,https://ew.com/thmb/NKK_tZJ4zau_czi0ugh6pVEN-iI=/1500x0/filters:no_upscale():max_bytes(150000):strip_icc()/Pedro-Pascal-061223-3490ee998fd14997a0ec34356dfc369e.jpg,2023-11-15T23:37:23Z,"Pedro Pascal might be going from a galaxy far, far away to the Marvel Cinematic Universe.
Apparently not content after conquering nerd franchises like Game of Thrones, Star Wars, and The Last of Us,… [+1975 chars]",entertainment-weekly,Entertainment Weekly
Shania Russell,Lisa Kudrow remembers 'Friends' costar Matthew Perry,"Lisa Kudrow shared a touching tribute to Matthew Perry, her late 'Friends' costar: 'Thank you for the best 10 years a person gets to have.'",https://ew.com/lisa-kudrow-matthew-perry-tribute-friends-8402286,https://ew.com/thmb/kxsMKz4vQyCYWNfQkFZyjx-im2U=/1500x0/filters:no_upscale():max_bytes(150000):strip_icc()/MatthewPerryLisaKudrow11152301-35b0d9a9c9df48a189f97242e52e2b34.JPG,2023-11-15T19:56:15Z,"Lisa Kudrow is sharing fond memories of her lateFriends costar, Matthew Perry. In a touching tribute on Wednesday, she recalled highlights of their longtime companionship, starting with their work on… [+3384 chars]",entertainment-weekly,Entertainment Weekly
Dalton Ross,Jeff Probst says 'Survivor' quitters will no longer get torch snuffed,'Survivor' host Jeff Probst declares that quitters will no longer get torch snuffed: 'I think I need to be a little harder on that.',https://ew.com/survivor-jeff-probst-quitters-no-longer-get-torch-snuffed-8402222,https://ew.com/thmb/51Hgx2jeamcz05ENUWGW1jwWbyc=/1500x0/filters:no_upscale():max_bytes(150000):strip_icc()/Survivor-45-110723-03-c54d43f1593645639678126419e5762b.jpg,2023-11-15T17:26:12Z,"Survivor fans were outraged when two of the first four elimination on the current season occurred because players Hannah Rose and Sean Edwards, who otherwise would have been safe, decided to quit the… [+2423 chars]",entertainment-weekly,Entertainment Weekly
Christian Holub,David Schwimmer pays tribute to late Matthew Perry,'Friends' star David Schwimmer pays tribute to his late costar Matthew Perry: 'Thank you for 10 incredible years of laughter and creativity.',https://ew.com/david-schwimmer-pays-tribute-to-late-matthew-perry-8402177,https://ew.com/thmb/SVIiE1lvXjJ9jePvhEgahdcPQE8=/1500x0/filters:no_upscale():max_bytes(150000):strip_icc()/david-schwimmer-matt-perry-1-111523-4be500150ad44603a317177be138b313.jpg,2023-11-15T17:01:34Z,"David Schwimmer is ready to share his memories of Matthew Perry.
The Friends star previously joined his former costars Jennifer Aniston, Courteney Cox, Lisa Kudrow, and Matt LeBlanc in a joint state… [+1542 chars]",entertainment-weekly,Entertainment Weekly
Maureen Lee Lenker,Barry Williams is longest-lasting 'Brady Bunch' star on 'DWTS',"With a flawless rumba on 'Dancing With the Stars,' Barry Williams became the longest-lasting 'Brady Bunch' star on the dance competition, officially besting TV sister Maureen McCormick as he'd hoped.",https://ew.com/tv/dancing-with-the-stars-barry-williams-longest-lasting-brady-bunch-star/,https://ew.com/thmb/nDlOtVezDA0IZN_qGKGPlXhwx9A=/1500x0/filters:no_upscale():max_bytes(150000):strip_icc()/Barry-Williams11142386-9318e88b07334581a523407228ae5fe7.jpg,2023-11-15T02:43:25Z,"Barry Williams has set himself apart from the Bunch.
The man best known as Greg Brady on the beloved 1970s sitcom is now officially the Brady Bunch cast member to make it the furthest on Dancing Wit… [+2045 chars]",entertainment-weekly,Entertainment Weekly
Maureen Lee Lenker,Billy Porter booed on 'DWTS' for telling Jason Mraz to stop mouthing along,'DWTS' guest judge Billy Porter booed for telling Jason Mraz to stop mouthing along to the words of songs while dancing: 'Save that for when you're on Broadway.',https://ew.com/tv/dwts-guest-judge-billy-porter-booed-for-telling-jason-mraz-stop-mouthing-the-words/,https://ew.com/thmb/2iG_Rf3ahVSA8F5DZn98iBqyhig=/1500x0/filters:no_upscale():max_bytes(150000):strip_icc()/jason-mraz-billy-porter11142385-402ed3fd52b74782910ba39c0282dcae.jpg,2023-11-15T02:12:01Z,"Keep the singing out of the ballroom.
That's what guest judge Billy Porter, who ironically enough kicked off Tuesday night's Whitney Houston episode of Dancing With the Starssinging ""How Will I Know… [+1691 chars]",entertainment-weekly,Entertainment Weekly
Wesley Stenzel,'Young Sheldon' to end with season 7 on CBS,'Young Sheldon' will soon be bazingone: CBS has announced that the 'Big Bang Theory' prequel will conclude next year with its seventh season.,https://ew.com/tv/young-sheldon-to-end-with-season-7/,https://ew.com/thmb/vYsiNKCwyaIn4O_6kIuMxjesx3A=/1500x0/filters:no_upscale():max_bytes(150000):strip_icc()/young-sheldon-111423-a7c238b3cce3454c8b482d8e6c5dac82.jpg,2023-11-15T00:51:30Z,"Young Sheldon will soon be bazingone.
CBS announced Tuesday that the popular prequel to The Big Bang Theory will conclude its run with its upcoming seventh season. Young Sheldon's final season will … [+1635 chars]",entertainment-weekly,Entertainment Weekly
Shania Russell,Courteney Cox honors late Matthew Perry: 'I miss you every day',"Courteney Cox is sharing a heartfelt ode to her late 'Friends' husband Matthew Perry, recalling a memorable moment from the show that demonstrated Perry's signature wit.",https://ew.com/tv/courteney-cox-honors-matthew-perry-friends-outtake/,https://ew.com/thmb/b5cYBtN-tf1TOaW36ZBTVO1qN4c=/1500x0/filters:no_upscale():max_bytes(150000):strip_icc()/friends-2-2000-fbbf18d9cd8045baaee3f80cdd03bced.jpg,2023-11-14T23:46:16Z,"Courteney Cox is sharing a heartfelt ode to her late Friends costar and screen husband Matthew Perry, recalling a memorable moment from the beloved sitcom that demonstrated Perry's signature wit.
In… [+3603 chars]",entertainment-weekly,Entertainment Weekly
Wesley Stenzel,Jada Pinkett Smith: Reason for Oscars slap is 'Will's story to tell',Jada Pinkett Smith says that the reason why Will Smith slapped Chris Rock at the 2022 Oscars remains 'Will's story to tell.',https://ew.com/celebrity/jada-pinkett-smith-reason-will-smith-chris-rock-slap-wills-story-to-tell/,https://ew.com/thmb/J8bZii1HVt8TO74sQcSERL_lJHo=/1500x0/filters:no_upscale():max_bytes(150000):strip_icc()/jada-pinkett-smith-will-smith-101623-1-4f739bfba36a4602b194f9834a246d69.jpg,2023-11-14T23:29:18Z,"Jada Pinkett Smith is remaining tight-lipped about the slap heard 'round the world.
In an interview with CBS Mornings, the actress discussed her new memoir Worthy, and once again described her react… [+3306 chars]",entertainment-weekly,Entertainment Weekly
Dustin Nelson,'Friends' coffee shop Central Perk opens with Matthew Perry tribute,"The first permanent Central Perk, the coffee shop from 'Friends,' has opened in Boston with a special tribute to the late Matthew Perry.",https://ew.com/tv/friends-central-perk-first-location-boston-matthew-perry-tribute/,https://ew.com/thmb/BvlbG-6rMm1xr3zP0IkGJOCXRD0=/1500x0/filters:no_upscale():max_bytes(150000):strip_icc()/Matthew-Perry-Freinds-111423-2b9ab18e32ca443fb69ccdc2078038b2.jpg,2023-11-14T20:39:01Z,"Central Perk was an iconic part of Friends. Now, after much-hyped pop-ups, the coffee shop is getting a permanent, real-world location in Boston, and it opened on Tuesday with a perfect tribute to la… [+2980 chars]",entertainment-weekly,Entertainment Weekly
Shania Russell,Billie Eilish blasts trolls who comment on her style,Billie Eilish has a message for body-shaming trolls who criticize her for feminine clothing choices: 'You can suck my ass!',https://ew.com/music/billie-eilish-blasts-trolls-who-call-her-hypocrite/,https://ew.com/thmb/pD_MdC3EMg9L14QkgVP8bbOp2j8=/1500x0/filters:no_upscale():max_bytes(150000):strip_icc()/Billie-Eilish-052823-020000-2000-f4e2d6f03aab450f8896d799bb4bcfb4.jpg,2023-11-14T19:55:27Z,"Billie Eilish has an eloquent two-word message for all the body-shamers with thoughts about her fashion choices: ""F--- you!""
In truth, the ""Happier Than Ever"" singer has many choice words to share w… [+2869 chars]",entertainment-weekly,Entertainment Weekly
Shania Russell,Matt LeBlanc pays tribute to 'Friends' costar Matthew Perry,Matt LeBlanc shares moving tribute to 'Friends' BFF Matthew Perry: 'Spread your wings and fly brother you're finally free.',https://ew.com/tv/matt-leblanc-shares-tribute-to-matthew-perry/,https://ew.com/thmb/D9zk2CS7TFwOP0Xr8NxVgzMlzjM=/1500x0/filters:no_upscale():max_bytes(150000):strip_icc()/Matthew-Perry-and-Matthew-LeBlanc-Friends-111423-11d64ce882d24d55bbcc6114d039c088.jpg,2023-11-14T18:05:07Z,"Matt LeBlanc is paying tribute to his late Friends costar Matthew Perry, who died at 54 on Oct. 28. For 10 seasons, the duo starred as roommates and best buds with LeBlanc portraying the goofy Joey T… [+2519 chars]",entertainment-weekly,Entertainment Weekly
Wesley Stenzel,Jason Alexander on possible 'Seinfeld' reunion: 'No one called me',"Jason Alexander says nobody has contacted him about the possible 'Seinfeld' reunion that Jerry Seinfeld teased in a recent stand-up set: 'No one called me. Apparently, they don't need George.'",https://ew.com/tv/jason-alexander-reacts-to-possible-seinfeld-reunion-no-one-called-me/,https://ew.com/thmb/0OaoVJQquEiZpSQFVtz-PB1TOMU=/1500x0/filters:no_upscale():max_bytes(150000):strip_icc()/jason-alexander-seinfeld-111323-d0a75da133ea4e9fb1ee786fb16bcc33.jpg,2023-11-13T23:32:39Z,"George is getting upset!
Jason Alexander, the actor who memorably played George Costanza on all nine seasons of Seinfeld, says he doesn't know anything about the potential reunion or revival that se… [+2092 chars]",entertainment-weekly,Entertainment Weekly
Shania Russell,Whoopi Goldberg celebrates her birthday on 'The View',Whoopi Goldberg celebrates her birthday on 'The View'ew.com,https://ew.com/tv/whoopi-goldberg-celebrates-her-birthday-with-gifts-for-the-view-hosts-i-feel-lucky-to-have-lived-to-this-age/,https://ew.com/thmb/mvLYHS8F3oWcuxgMoXq0QiGrwas=/1500x0/filters:no_upscale():max_bytes(150000):strip_icc()/whoopi-goldberg-birthday-the-view-111323-1483217b212d489cb8d1716e04ce427a.jpg,2023-11-13T21:41:48Z,"Whoopi Goldberg is flipping the birthday script.
Instead of waiting around to receive gifts, The View star celebrated her birthday with goodie bags for her fellows hosts. Sara Haines, Ana Navarro, A… [+1792 chars]",entertainment-weekly,Entertainment Weekly
Dalton Ross,'Big Brother' stars Cirie and Matt to guest on 'Bold and the Beautiful',"'Big Brother' stars Cirie and Matt will guest star on 'The Bold and the Beautiful', and we've got the exclusive scoop on when it's happening and who they're playing.",https://ew.com/tv/big-brother-cirie-matt-guest-star-the-bold-and-the-beautiful/,https://ew.com/thmb/SwHqwfd5T3GZ5pgpxe7O2jXa29s=/1500x0/filters:no_upscale():max_bytes(150000):strip_icc()/Big-Brother-111223-1-74e715acdabd4bff96674db857ce0440.jpg,2023-11-13T20:00:00Z,"They may not have won season 25 of Big Brother, but two players have just become the first season 25 contestants to win another annual coveted prize. EW can exclusively report that runner-up Matt Klo… [+1845 chars]",entertainment-weekly,Entertainment Weekly
Dustin Nelson,Denzel Washington and Antoine Fuqua reunite for Netflix move on Hannibal,"Denzel Washington and Antoine Fuqua will reunite for a film about the life of General Hannibal, focusing on his conquests during the Second Punic War.",https://ew.com/movies/denzel-washington-hannibal-movie-antoine-fuqua/,https://ew.com/thmb/pyHizQS_cV_kE61Y3cG1XVm7O88=/1500x0/filters:no_upscale():max_bytes(150000):strip_icc()/denzel-washington-antoine-fuqua-tout-111323-37b8b6c8e6f24c44aa91c89dbc4b8448.jpg,2023-11-13T19:58:26Z,"Denzel Washington may be through with The Equalizer series (for now), but he's not done collaborating with director Antoine Fuqua.
Fuqua and Washington will again team up for an untitled Netflix mov… [+1733 chars]",entertainment-weekly,Entertainment Weekly
Shania Russell,Bobby Berk leaves 'Queer Eye' after 8 seasons,Bobby Berk to exit 'Queer Eye' ahead of the ninth season.,https://ew.com/tv/bobby-berk-leaves-the-fab-5-ahead-of-queer-eye-season-9/,https://ew.com/thmb/F101-hZ4PvF7NnfBQNITw9Rbpoc=/1500x0/filters:no_upscale():max_bytes(150000):strip_icc()/bobby-berk-111323-d4ce21dbb8e540e0b04b30677255a9ad.jpg,2023-11-13T19:22:23Z,"The Fab 5 just lost their eye for design. After six years as the interior design expert, Bobby Berk has announced his departure from Queer Eye.
Berk has hosted the reality show reboot alongside fell… [+3565 chars]",entertainment-weekly,Entertainment Weekly
Devan Coggan,"The 'Loki' season 2 finale, explained","'Loki' executive producer Kevin Wright breaks down the show's emotional finale, revealing the line Tom Hiddleston improvised and whether this really is goodbye for the time-traveling god of mischief.",https://ew.com/tv/loki-season-2-finale-explained/,https://ew.com/thmb/x7PO_xK9brvy4TVTh_cHWpWuBP4=/1500x0/filters:no_upscale():max_bytes(150000):strip_icc()/Loki-Season-2-111023-1-46afee5625b6460fb5a9239c4e4167c8.jpg,2023-11-13T17:00:00Z,"Warning: This story contains spoilers for the Loki season 2 finale, ""Glorious Purpose.""
Lokiends with its titular god claiming his throne just not the one he expected.
The Marvel Disney+ show concl… [+9466 chars]",entertainment-weekly,Entertainment Weekly
Dalton Ross,'Survivor' and 'Amazing Race' to continue with 90-minute episodes in 2024,'Survivor' and 'Amazing Race' to continue with 90-minute episodes as CBS announces 2024 premiere dates.,https://ew.com/tv/survivor-amazing-race-premiere-dates-90-minute-episodes-2024/,https://ew.com/thmb/cK9CJtNx1i6mfGXECozN1h14qKE=/1500x0/filters:no_upscale():max_bytes(150000):strip_icc()/Survivor-45-110723-05-d13c3415361448dca7639f10b84534c9.jpg,2023-11-13T15:52:33Z,"CBS has revealed their premiere dates and primetime schedule for winter 2024. And while the announcement was filled with big news, like the new Justin Hartley drama Tracker debuting in the coveted po… [+3089 chars]",entertainment-weekly,Entertainment Weekly
Joey Nolfi,Bianca Del Rio reveals new Dead Inside tour dates: See the full list,See the full list of Bianca Del Rio's Dead Inside tour dates as the 'RuPaul's Drag Race' winner reveals her new stand-up show.,https://ew.com/celebrity/bianca-del-rio-dead-inside-tour-dates/,https://ew.com/thmb/gBDcTz07AdLxMIYDZCouI8Zf3Qo=/1500x0/filters:no_upscale():max_bytes(150000):strip_icc()/Bianca-Del-Rio-111023-02-f59ead492d3f4e86ba044ec6688d05cf.jpg,2023-11-13T14:00:00Z,"What does Bianca Del Rio do successfully? Tour, for one, and EW has the exclusive reveal of the RuPaul's Drag Race icon's upcoming show dates.
The Drag Raceseason 6 winner, Everybody's Talking About… [+5357 chars]",entertainment-weekly,Entertainment Weekly
Lester Fabian Brathwaite,'The Marvels' has MCU's worst box office opening ever,"'The Marvels' went lower, nearer, and slower with MCU's worst box office opening ever, grossing $47 million.",https://ew.com/movies/the-marvels-box-office-report/,https://ew.com/thmb/BsqoSeRc-on_jMpgCiRyey-oS-4=/1500x0/filters:no_upscale():max_bytes(150000):strip_icc()/The-Marvels-110823-5dda33ae64bf4e6bb1374f78d71523b1.jpg,2023-11-12T23:55:27Z,"The Marvel Cinematic Universe just got the snap kicked out of it.
It's been 15 years of nearly nonstop superhero movies pummeling cinemas, and now fatigue seems to have more than settled in it's pul… [+2802 chars]",entertainment-weekly,Entertainment Weekly
Shania Russell,Britney Spears auditions memoir narrators in 'SNL' sketch,Britney Spears (Chloe Fineman) is looking for the perfect celebrity narrator for her memoir in a crazy new 'SNL' sketch.,https://ew.com/tv/britney-spears-auditions-memoir-narrators-snl-sketch/,https://ew.com/thmb/SKGa3f1mW-Lx2NvO4LrnqoUZ9zw=/1500x0/filters:no_upscale():max_bytes(150000):strip_icc()/Chloe-Fineman-878481803fcf4728a3f8ffc09a5d1884.jpg,2023-11-12T20:58:31Z,"Michelle Williams read the audio version for Britney Spears' tell-all memoir, The Woman in Me, to rapturous reviews, but a new Saturday Night Live sketch dares to ask the question: Was she the most e… [+2249 chars]",entertainment-weekly,Entertainment Weekly
Lester Fabian Brathwaite,Leonard Bernstein's wife knew he was bisexual,"Leonard Bernstein's wife, Felicia Montealegre, knew about his bisexuality, their children say in a new interview for Bradley Cooper's 'Maestro.'",https://ew.com/movies/leonard-bernstein-wife-knew-about-his-bisexuality-bradley-cooper-maestro/,https://ew.com/thmb/II41jVh2D1HxWIQg0RRk_nIf_gM=/1500x0/filters:no_upscale():max_bytes(150000):strip_icc()/Maestro-1-1117d2a2c3db4126b46e2864513dcefc.jpg,2023-11-12T20:02:35Z,"When Bradley Cooper decided to tackle the marriage of Leonard Bernstein and his wife, the actress Felicia Montealegre, in the upcoming biopic Maestro, he wanted to capture it in all its complexity. A… [+1503 chars]",entertainment-weekly,Entertainment Weekly
Shania Russell,Taylor Swift changes 'Karma' lyric for Travis Kelce at Eras concert,"Taylor Swift shouted out Travis Kelce in a 'Karma' lyric change at a show in Argentina: 'Karma is the guy on the Chiefs, coming straight home to me.'",https://ew.com/music/taylor-swift-travis-kelce-karma-lyric-change-eras-concert/,https://ew.com/thmb/tfAOyM6UCyhXHsxi3GE87UBPlTI=/1500x0/filters:no_upscale():max_bytes(150000):strip_icc()/Taylor-Swift-Travis-Kelce-111223-2000-10dae2ed2c964e3aadff0278bbda9c62.jpg,2023-11-12T19:27:49Z,"Forget Instagram official Taylor Swift just made her romance onstage official.
The singer gave fans everything they wanted at her Buenos Aires concert on Saturday by acknowledging her relationship w… [+2457 chars]",entertainment-weekly,Entertainment Weekly
Emlyn Travis,Jamie Lee Curtis and Lindsay Lohan have 'Freaky Friday' reunion,Jamie Lee Curtis and Lindsay Lohan had a 'Freaky Friday' reunion 20 years after the movie's release.,https://ew.com/movies/jamie-lee-curtis-lindsay-lohan-freaky-friday-reunion/,https://ew.com/thmb/ZOzVQi40Y9nMFYJQUtB_4gFpf9Q=/1500x0/filters:no_upscale():max_bytes(150000):strip_icc()/Jamie-Lee-Curtis-Lindsay-Lohan-Freaky-Friday-111123-01-a01c544871d1404b9c1f1445cb4b9ad7.jpg,2023-11-11T18:46:53Z,"This week, Jamie Lee Curtis and Lindsay Lohan held a mini Freaky Friday reunion more than 20 years after the movie's release and no, we cannot chill for a sec.
Curtis posted a snapshot of her and Lo… [+1802 chars]",entertainment-weekly,Entertainment Weekly
Devan Coggan,Barbra Streisand and James Brolin's romance inspired Aerosmith's 'I Don't Want to Miss a Thing',"In her new memoir 'My Name Is Barbra,' Barbra Streisand explains how her real-life romance with James Brolin inspired Aerosmith's 'I Don't Want to Miss a Thing.'",https://ew.com/music/barbra-streisand-james-brolin-inspired-aerosmith-i-dont-want-to-miss-a-thing/,https://ew.com/thmb/sQ5Wj1Rm5YpNPfVnhMYNGGy9KBw=/1500x0/filters:no_upscale():max_bytes(150000):strip_icc()/Barbra-Streisand-and-James-Brolin-111023-18f7c82316a646228247dec28d1b35a4.jpg,2023-11-11T01:41:02Z,"The Aerosmith song ""I Don't Want to Miss a Thing"" was inspired by an unlikely source: Barbra Streisand's real-life romance with husband James Brolin.
In her new memoir My Name is Barbra(out now), St… [+1492 chars]",entertainment-weekly,Entertainment Weekly
Wesley Stenzel,Actors' strike ends: What's in the new SAG-AFTRA contract,"The new SAG-AFTRA deal secures big wins for actors, including higher wages, streaming bonuses, and protections on artificial intelligence.",https://ew.com/tv/actors-strike-over-whats-in-new-sag-aftra-contract/,https://ew.com/thmb/3tKO4tlNG4p6arv0xlFPTgCRxGo=/1500x0/filters:no_upscale():max_bytes(150000):strip_icc()/sag-aftra-strike-end-110323-8de7c1224899407d9369eec94d1cb734.jpg,2023-11-11T01:03:06Z,"After 118 days, the Hollywood actors' strike has officially concluded and now we have a better idea of what the members of SAG-AFTRA have won in the union's new minimum contract agreement.
The SAG-A… [+3415 chars]",entertainment-weekly,Entertainment Weekly
Joey Nolfi,"'Game of Thrones' actor Thor Björnsson, wife announce stillbirth",'Game of Thrones' actor Thor Björnsson and wife announce the stillbirth of their baby girl: 'Her spirit lives on.',https://ew.com/celebrity/game-of-thrones-actor-thor-bjornsson-stillbirth-baby-girl/,https://ew.com/thmb/sZ-pK21Mew-GGLr7dNyZH1gqKUQ=/1500x0/filters:no_upscale():max_bytes(150000):strip_icc()/Thor-Bjornsson-111023-fbd6ae43ef494dea92dc181ad01f00d1.jpg,2023-11-10T20:03:44Z,"Game of Thrones actor Hafþór ""Thor"" Björnsson and his wife, Kelsey Henson, have announced the heartbreaking stillbirth of their daughter.
In a joint post shared Friday on Instagram, the 34-year-old … [+1599 chars]",entertainment-weekly,Entertainment Weekly
Christian Holub,Batman meets 'Home Alone' in 'Merry Little Batman' first look,"Get a first look at 'Merry Little Batman,' a new animated holiday film in which Damian Wayne has to do his best Kevin McCallister impression to stop supervillains from ruining the holidays.",https://ew.com/movies/batman-meets-home-alone-in-merry-little-batmen-first-look/,https://ew.com/thmb/qw2-1JQXYjl8eNafSu-Xt2Hkslg=/1500x0/filters:no_upscale():max_bytes(150000):strip_icc()/Merry-Little-Batman-EW-110923-1-5eae69607b704e308724072ec766dd76.jpg,2023-11-10T15:00:00Z,"Damian Wayne is ready to try his hand at being Kevin McCallister. Merry Little Batman, a new animated holiday film coming to Amazon Prime Video next month just in time for the Christmas season, sees … [+2564 chars]",entertainment-weekly,Entertainment Weekly
Dalton Ross,'Big Brother' star Matt Klotz says he was 'unprepared' for jury questions,'Big Brother' star Matt Klotz says he was 'unprepared' for finale jury questions and reveals the votes he was surprised to not get.,https://ew.com/tv/big-brother-matt-klotz-interview-unprepared-finale-jury-questions/,https://ew.com/thmb/B9rLc5ju8_6bjxf67ZnkotjX13o=/1500x0/filters:no_upscale():max_bytes(150000):strip_icc()/big-brother-finale-111023-8-6493ff18aa714562be86822980e2d20e.jpg,2023-11-10T13:35:48Z,"Matt Klotz did something pretty extraordinary on Big Brother. He made it all the way to the very end of a game built on whispers, even though he is deaf. Matt became the season 25 runner-up on Thursd… [+9797 chars]",entertainment-weekly,Entertainment Weekly
https://www.facebook.com/entertainmentweekly,Steve Martin is 'so proud' of his novella Shopgirl being banned from school libraries in Florida [Entertainment Weekly],Steve Martin jokingly celebrated his book 'Shopgirl' being banned in a Florida school district: 'Now people who want to read it will have to buy a copy!',https://ew.com/books/steve-martin-proud-shopgirl-banned-in-florida-schools/,https://ew.com/thmb/FCvQDfekltjOXHs-4dmgYY52Wfs=/1500x0/filters:no_upscale():max_bytes(150000):strip_icc()/GettyImages-464173246-8fdd10d68bfb443f9bd60478b438d728.jpg,2023-11-10T08:00:00Z,"Some authors celebrate when their books become bestsellers, but Steve Martin is ""proud"" to see his novel on a different list.
In a cheerful social media post, the Only Murders in the Building star m… [+1889 chars]",entertainment-weekly,Entertainment Weekly
Dalton Ross,'Big Brother' to air 'Reindeer Games' all-stars mini-season,"'Big Brother' to air 'Reindeer Games' all-stars mini-season featuring no host, no live feeds, and no houseguests.",https://ew.com/tv/big-brother-reindeer-games-all-stars-legends-season/,https://ew.com/thmb/wsBhmn35cjhenN6B7ycWATHPIVE=/1500x0/filters:no_upscale():max_bytes(150000):strip_icc()/Tiffany-Mitchell-Derek-Xiao-Jordan-Lloyd-110923-1-bc5f343e1d2543ba9879826cb5554636.jpg,2023-11-10T03:00:00Z,"Just last week, we asked Big Brother host Julie Chen Moonves if there could be a winter installment of the franchise due to the actors strike that had ground production on scripted content to a halt.… [+2873 chars]",entertainment-weekly,Entertainment Weekly
Kristen Baldwin,'The Golden Bachelor' recap: The sweetest 'Women Tell All' ever,"With no yelling, name-calling, or spotlight hogging, 'The Golden Bachelor' gave viewers the sweetest 'Women Tell All' reunion ever. Read our recap.",https://ew.com/tv/recaps/the-golden-bachelor-season-1-episode-7/,https://ew.com/thmb/yTb2HtArlgAqhQZM5A8X1yCt6AM=/1500x0/filters:no_upscale():max_bytes(150000):strip_icc()/The-Golden-Bachelor-recap-110723-b56e026a17da4a08b106de270e027052.jpg,2023-11-10T02:00:00Z,"For the first time in the history of the Bachelor franchise, contestants made it through an entire Women Tell All special without name-calling, shouting, annoying crosstalk, or blatant, attention-see… [+16838 chars]",entertainment-weekly,Entertainment Weekly
Wesley Stenzel,Barbra Streisand thinks she 'probably' slept with Warren Beatty,"In her new memoir, Barbra Streisand writes that she 'probably' slept with her longtime friend Warren Beatty: 'I kind of remember. I guess I did.'",https://ew.com/celebrity/barbra-streisand-says-she-probably-slept-with-warren-beatty/,https://ew.com/thmb/HX0WaHcrhG7XN3fjPVYNBRDlJEM=/1500x0/filters:no_upscale():max_bytes(150000):strip_icc()/Barbra-Streisand-Warren-Beatty-110923-6065cdf139c1473fb7e642ebd1a2fca7.jpg,2023-11-09T22:46:19Z,"Here's a case only Dick Tracy could solve: What happened between Barbra Streisand and Warren Beatty?
Even Streisand isn't sure. In her new memoir, My Name is Barbra, the multihyphenate entertainer r… [+2826 chars]",entertainment-weekly,Entertainment Weekly
Nick Romano,"'Avatar: The Last Airbender' live-action trailer reveals Appa, premiere date",Netflix's first 'Avatar: The Last Airbender' trailer sets a premiere date and reveals more live-action versions of familiar characters.,https://ew.com/tv/avatar-the-last-airbender-live-action-trailer-premiere-date/,https://ew.com/thmb/mjUHu1NOF5lFIlbpArHoqNSHZVw=/1500x0/filters:no_upscale():max_bytes(150000):strip_icc()/Avatar-the-Last-Airbender-Netflix-110923-tout-ac78071d702c4025b1a57a51fb9aff54.jpg,2023-11-09T22:14:09Z,"The Water, Earth, Fire, and Air Nations will officially converge early next year.
At long last, Netflix has revealed the first trailer for its live-action adaptation of Avatar: The Last Airbender, d… [+2791 chars]",entertainment-weekly,Entertainment Weekly
